source_name,ra,dec,PMRA,sigPMRA,PMDec,sigPMDec,w1mpro,w1sigmpro,w2mpro,w2sigmpro
J035519.99+143902.2,-0.01002,0.0859,0.03007,0.0882,17.282,0.074,17.464,0.256,58.8333068,14.6506374
J114925.01-014406.6,-0.02256,0.0314,-0.01881,0.036,16.259,0.033,15.765,0.059,177.3542473,-1.7351709
J175656.87-480525.9,-0.02016,0.0214,0.04206,0.0212,15.498,0.023,15.794,0.07,269.2369725,-48.0905452
J013743.65+090749.5,-0.14238,0.1127,0.07491,0.118,17.801,0.104,17.901,0.357,24.4318933,9.130431
J161420.41+004642.6,-0.08177,0.0099,-0.08356,0.0112,14.591,0.016,14.393,0.018,243.5850476,0.7785209
J094901.85+264923.2,0.16402,0.1659,0.119,0.1902,18.171,0.143,17.586,0.295,147.2577424,26.8231252
J083716.33-000045.0,0.03692,0.1085,-0.317,0.1234,17.865,0.113,17.214,0.189,129.318069,-0.0125017
J060802.62-294520.3,-0.01462,0.0346,0.0289,0.0374,16.511,0.034,16.553,0.091,92.010938,-29.7556654
J093733.73+293120.3,-0.05163,0.0313,0.00444,0.0346,16.249,0.032,15.818,0.062,144.3905662,29.522312
J133943.75+010436.1,-0.28452,0.0653,-0.06417,0.0715,17.694,0.09,15.982,0.067,204.9323213,1.0766982
J214812.49-632353.9,0.01494,0.008,-0.02262,0.0072,13.682,0.014,13.826,0.013,327.0520636,-63.398312
J230154.75-645911.7,0.02045,0.0502,0.02025,0.0455,16.902,0.041,16.807,0.113,345.4781277,-64.9866103
J200403.12-263813.5,0.0172,0.0317,0.00251,0.0306,16.096,0.033,16.113,0.076,301.0130299,-26.6370907
J024956.47-055706.9,-0.16663,0.1656,0.46381,0.169,18.251,0.145,17.354,--,42.4853075,-5.9519319
J142950.34+333000.4,-0.06414,0.1385,0.02983,0.1487,18.248,0.126,18.072,0.345,217.4597737,33.5001176
J232748.84+045126.7,0.45892,0.0046,0.17634,0.004,7.531,0.016,7.307,0.008,351.9535171,4.8574215
J155320.46+140022.6,-0.00282,0.0211,0.02118,0.0249,15.955,0.029,15.494,0.043,238.3352764,14.0062964
J112601.05+481904.6,-0.00958,0.0057,-0.02108,0.0064,13.459,0.013,13.484,0.011,171.5043749,48.317969
J074106.62+173839.0,-0.27835,0.0067,-0.61937,0.0067,11.989,0.019,11.752,0.013,115.2776034,17.6441716
J095045.71+011715.0,-0.01797,0.0083,-0.00123,0.0098,14.314,0.014,14.388,0.019,147.6904958,1.2875253
J075117.38-253104.0,0.00122,0.0082,0.02828,0.0086,14.201,0.022,14.227,0.022,117.8224368,-25.517799
J213915.19-353004.7,0.29838,0.1494,0.30813,0.1574,18.278,0.162,17.369,0.243,324.8133078,-35.5013187
J102922.44+162626.7,-0.03686,0.0995,0.148,0.112,17.811,0.105,16.937,0.16,157.3435034,16.4407529
J161730.27+401846.2,0.03623,0.0945,0.00901,0.1094,17.951,0.079,17.683,0.204,244.3761429,40.3128576
J141115.12+393623.3,0.05778,0.0671,0.18232,0.0759,17.34,0.051,17.32,0.165,212.8130122,39.6064955
J193428.80-214222.8,-0.02143,0.0119,0.0118,0.0125,14.53,0.032,14.548,0.036,293.6200202,-21.7063371
J105036.47-451722.0,-0.02635,0.0136,0.00767,0.0152,15.202,0.019,15.27,0.033,162.6519581,-45.2894698
J115230.03+035911.1,-0.02163,0.0974,-0.18357,0.1157,17.641,0.093,16.833,0.138,178.1251603,3.9864288
J121952.27+312825.6,-0.01688,0.2828,0.0834,0.3406,18.65,0.191,17.52,--,184.9677957,31.4738039
J012836.37-280313.4,-0.0911,0.0918,0.03724,0.0859,17.543,0.075,16.941,0.14,22.1515753,-28.0537379
J064722.27+394446.2,-0.00823,0.0153,-0.0581,0.0169,15.242,0.019,14.987,0.028,101.8428285,39.7461819
J014103.10+131806.3,-0.01868,0.1089,-0.04196,0.1033,17.706,0.091,17.758,0.341,25.2629449,13.3017617
J235402.94+024012.5,0.4634,0.0381,-0.48928,0.0389,18.118,0.145,15.107,0.032,358.5122544,2.6701485
J155214.09+065028.2,0.14994,0.1536,-0.17218,0.1591,18.005,0.112,17.692,--,238.0587342,6.8411796
J083052.00+361248.5,0.35315,0.0151,-0.878,0.0174,15.323,0.024,14.985,0.03,127.7166905,36.2134968
J001449.45-083845.0,0.04485,0.122,-0.00294,0.1262,17.747,0.106,17.239,0.2,3.7060563,-8.6458447
J014304.25-703418.0,-0.02493,0.0595,-0.04771,0.0498,17.304,0.047,16.76,0.082,25.7677156,-70.571692
J105546.99+080840.7,-0.34253,0.004,-0.13661,0.004,11.133,0.013,10.879,0.009,163.9458234,8.1446501
J142058.61+213127.9,0.00386,0.0279,-0.04877,0.0326,16.361,0.031,16.15,0.067,215.2442177,21.5244303
J164034.96+292155.7,0.04574,0.0623,0.06009,0.066,17.307,0.054,17.697,0.22,250.1456805,29.3654965
J050647.90+523618.6,0.01547,0.0436,0.0184,0.0471,16.677,0.04,16.39,0.085,76.6995846,52.6051854
J064203.49+410141.3,0.01884,0.1297,-0.212,0.1426,17.983,0.12,17.252,0.203,100.5145417,41.0281539
J074201.91+205512.2,0.0027,0.0622,0.01168,0.07,17.182,0.071,16.249,0.091,115.5079626,20.9200635
J115433.80+623417.9,-0.03617,0.0272,0.01224,0.032,16.359,0.028,16.024,0.053,178.6408472,62.5716408
J195520.62-030333.3,0.00407,0.0042,-0.0239,0.0038,8.0,0.013,7.543,0.008,298.8359486,-3.0592753
J123322.60+213803.4,-0.03744,0.0111,-0.22727,0.0128,14.799,0.016,14.558,0.021,188.3441647,21.6342991
J171146.43+233115.9,-0.0323,0.0609,0.0485,0.069,17.27,0.059,16.782,0.108,257.9434767,23.5210885
J101950.66+044926.3,-0.06442,0.0071,-0.00355,0.0073,13.711,0.013,13.547,0.013,154.961111,4.8239863
J114341.68+061337.4,-0.0099,0.104,-0.05705,0.1208,17.534,0.087,17.11,0.175,175.9236715,6.2270592
J023941.71-173607.4,0.09441,0.1649,0.06979,0.1613,18.348,0.163,18.152,0.46,39.9237999,-17.6020805
J151914.26-000046.0,0.13004,0.1446,-0.06592,0.1672,18.08,0.126,17.994,--,229.8094543,-0.0127921
J091309.94-003150.1,-0.01962,0.0119,-0.00973,0.0142,14.914,0.018,14.974,0.028,138.291431,-0.5306092
J111934.29-113752.6,-0.08579,0.0051,-0.02876,0.0057,12.654,0.013,12.517,0.009,169.8928897,-11.631294
J081857.72+233346.3,-0.26432,0.0036,-0.345,0.0042,10.941,0.012,10.739,0.009,124.7405247,23.5628882
J124640.89+032301.6,0.17286,0.085,-0.09544,0.0919,17.362,0.074,16.969,0.167,191.6703861,3.3837852
J042212.65+153041.6,0.01305,0.0057,-0.0234,0.0055,12.696,0.013,12.627,0.011,65.5527185,15.5115631
J000112.39+153511.6,0.03234,0.115,-0.29187,0.1077,17.603,0.08,18.058,--,0.3016605,15.586563
J050214.66+144212.6,0.02744,0.0125,-0.00598,0.0128,14.815,0.017,14.68,0.024,75.5610828,14.7035006
J030234.47-011640.8,0.02792,0.0654,0.05253,0.0669,17.151,0.056,17.221,0.186,45.6436558,-1.2780047
J063953.34-741912.5,-0.0304,0.0274,0.0452,0.0258,16.491,0.024,16.618,0.062,99.9722739,-74.3201467
J102845.73-283037.7,-0.08567,0.0041,-0.01777,0.0049,9.684,0.012,9.224,0.008,157.1905509,-28.5104861
J043005.44+260803.8,-0.00845,0.099,-0.284,0.1059,17.669,0.097,16.716,0.136,67.522686,26.1344117
J130730.42-055829.6,-0.05093,0.0915,0.20553,0.1109,17.692,0.094,16.754,0.147,196.876761,-5.9748992
J185305.89-501051.1,-0.02717,0.0052,-0.06332,0.0055,6.478,0.025,6.387,0.012,283.2745682,-50.180862
J055905.54-132321.8,-0.12487,0.1122,0.212,0.1221,18.012,0.116,17.184,0.176,89.7731011,-13.3894152
J201155.37-620139.1,0.07183,0.0568,-0.0667,0.0658,17.085,0.054,17.564,0.263,302.9807283,-62.0275296
J015144.13+134627.8,0.03347,0.0124,-0.008,0.0121,14.967,0.019,14.539,0.021,27.9338928,13.7743983
J104617.66+351237.7,-0.05178,0.0245,0.00737,0.032,16.118,0.028,15.858,0.057,161.5735903,35.2104815
J211846.83-001044.1,0.05762,0.0119,0.05031,0.0121,14.845,0.017,14.708,0.024,319.6951275,-0.1789393
J023801.32+054520.4,0.03123,0.0117,-0.02323,0.011,14.63,0.042,14.489,0.047,39.5054993,5.7556813
J042922.87+153518.6,-0.00346,0.0182,0.00459,0.0193,15.387,0.023,15.604,0.055,67.3452951,15.5885255
J131142.11+362908.1,-0.05494,0.0299,-0.0624,0.0323,16.346,0.029,16.135,0.062,197.925476,36.485593
J114146.07+411651.3,-0.05532,0.0318,-0.09924,0.0359,16.355,0.036,16.248,0.082,175.4419968,41.2809443
J115500.31+230638.1,0.01439,0.059,-0.05872,0.0688,17.064,0.049,17.7,--,178.7512986,23.11061
J020013.17+090813.6,-0.01942,0.063,0.03492,0.064,17.043,0.056,16.602,0.123,30.0549021,9.1371375
J053859.95-022206.8,-0.06388,0.1176,-0.0453,0.1274,17.704,0.093,17.243,0.207,84.7498075,-2.3685626
J013836.61-032222.8,0.13414,0.0081,-0.34495,0.0078,14.467,0.015,13.436,0.013,24.6525763,-3.3730227
J095321.78-101438.7,-0.02793,0.0689,-0.0415,0.0798,17.265,0.065,16.802,0.14,148.3407498,-10.2440956
J032842.66+230204.1,0.0484,0.0088,-0.09346,0.0078,14.169,0.015,13.669,0.014,52.1777779,23.0344927
J014115.49-241756.0,-0.08355,0.1811,0.05349,0.1854,18.468,0.178,17.774,0.303,25.3145769,-24.2988951
J051531.15+591104.3,0.01538,0.006,-0.865,0.0045,11.133,0.018,10.855,0.013,78.8797903,59.1845473
J204731.73-080824.0,-0.03303,0.0049,-0.246,0.0045,12.333,0.012,12.124,0.009,311.8822237,-8.1400253
J214029.16+162448.2,-0.02785,0.0812,0.10872,0.0755,17.332,0.066,17.015,0.146,325.1214995,16.4134047
J005256.07-270613.3,0.0042,0.0723,0.10375,0.0672,17.166,0.056,16.789,0.128,13.233638,-27.1037161
J130830.17+081831.1,-0.08554,0.0561,-0.01957,0.0716,17.305,0.061,17.052,0.165,197.1257379,8.3086475
J125804.74-441302.4,-0.03552,0.031,0.09827,0.0356,16.401,0.033,16.202,0.069,194.5197661,-44.217343
J094135.23+094216.8,-0.01148,0.0105,-0.0271,0.0113,14.578,0.017,14.643,0.024,145.3968041,9.7046885
J000647.39-085240.4,-0.05981,0.0038,-0.33906,0.0038,10.908,0.012,10.67,0.008,1.6974682,-8.8779012
J170547.27-544150.9,-0.09192,0.0047,0.01924,0.0049,12.018,0.013,11.805,0.011,256.44699,-54.6974785
J173100.51+531020.4,-0.05039,0.0331,0.04478,0.0371,17.008,0.032,17.241,0.122,262.7521475,53.1723464
J105121.75+561317.7,0.00425,0.0277,0.0142,0.0306,16.336,0.028,15.728,0.043,162.840654,56.2215832
J105151.74+131054.7,-0.06539,0.0257,-0.0549,0.031,16.052,0.029,15.544,0.049,162.9656087,13.1818681
J133344.89-021536.8,-0.00153,0.0285,-0.05667,0.0349,16.226,0.031,16.055,0.071,203.437071,-2.2602243
J130142.09-030223.1,-0.02338,0.0102,-0.01299,0.012,14.605,0.016,14.654,0.025,195.4253741,-3.0397637
J012622.68+142754.9,0.0684,0.0469,0.00488,0.0461,16.714,0.045,16.105,0.075,21.5945358,14.4652679
J005020.84-332248.1,0.20646,0.1823,0.392,0.1497,18.429,0.151,18.131,--,12.5868616,-33.3800315
J151354.95-013320.4,0.02597,0.1856,0.45445,0.2146,18.328,0.165,18.015,0.422,228.4789788,-1.555692
J023317.61+303002.1,-0.01125,0.0267,0.01974,0.0262,15.913,0.037,15.568,0.059,38.3234062,30.5006026
J102125.60+505451.3,-0.02689,0.033,-0.0054,0.0368,16.439,0.033,16.198,0.071,155.3566977,50.9142652
J225539.05+061351.6,0.09582,0.058,-0.12344,0.0571,16.885,0.05,16.664,0.13,343.9127374,6.2310015
J115015.33+630219.5,-0.0119,0.0717,-0.06648,0.0814,17.614,0.071,16.9,0.109,177.5639056,63.0387763
J032546.36+083058.9,0.00729,0.0854,-0.16667,0.0972,17.309,0.07,17.024,0.179,51.4431648,8.5163848
J211632.33-072940.0,0.20954,0.0873,-0.17195,0.0861,17.232,0.062,17.037,0.165,319.1347445,-7.4944492
J120254.61-022752.4,-0.01378,0.0577,0.00521,0.067,16.824,0.051,16.561,0.113,180.7275446,-2.4645717
J170723.17-055853.5,0.00733,0.0249,0.03236,0.0251,15.91,0.026,16.204,0.078,256.8465677,-5.9815287
J035246.42+211232.7,0.1228,0.0075,-0.05603,0.0074,13.663,0.02,13.367,0.016,58.1934448,21.2091029
J050238.28+100733.1,-0.07652,0.058,-0.0427,0.0598,16.849,0.049,16.739,0.133,75.6595054,10.1258765
J022106.00+384203.3,0.09481,0.0227,-0.09627,0.0234,16.64,0.04,14.796,0.023,35.2750113,38.7009331
J052539.65+673940.5,0.0108,0.0149,0.0011,0.0153,15.323,0.019,15.476,0.035,81.4152299,67.661258
J080413.64+033034.3,0.01425,0.0145,-0.0131,0.0151,15.103,0.019,15.319,0.041,121.0568325,3.5095444
J064921.25+434532.0,-0.08059,0.0061,0.00656,0.0063,6.533,0.036,6.115,0.014,102.3385528,43.7588931
J034232.03+121622.4,0.23065,0.0043,-0.02677,0.0036,9.137,0.012,8.957,0.009,55.6334746,12.2728893
J232715.51+151714.9,0.03094,0.0057,-0.01664,0.005,12.818,0.012,12.882,0.011,351.8146401,15.2874944
J131219.14+173101.8,-0.30402,0.0076,-0.02736,0.008,7.099,0.031,6.242,0.014,198.0797737,17.5171736
J142118.45-161821.2,-0.27212,0.0038,-0.08864,0.0042,11.358,0.013,11.141,0.009,215.3268838,-16.3058949
J113941.58-031031.6,-0.11812,0.1099,-0.06982,0.1256,17.766,0.105,16.9,0.154,174.9232567,-3.1754587
J014812.54+140026.0,0.089,0.1778,-0.09767,0.1938,18.364,0.173,17.462,0.267,27.0522676,14.0072439
J122606.41+215025.3,-0.0118,0.0267,-0.02644,0.029,15.771,0.122,15.765,0.159,186.5267331,21.8403742
J122111.16+122149.7,0.01922,0.0775,-0.09712,0.0871,17.347,0.074,16.595,0.116,185.296524,12.3638249
J123434.10+010716.9,-0.0205,0.0478,0.03359,0.0555,16.599,0.045,16.654,0.121,188.6421028,1.1213876
J233816.97-732958.9,0.03845,0.0336,-0.06894,0.029,16.474,0.036,16.306,0.069,354.5707394,-73.4997024
J142257.09+082749.4,-0.51512,0.0148,-0.89795,0.0164,15.216,0.027,14.84,0.031,215.7378833,8.4637272
J130445.06-120037.6,0.01471,0.0484,0.06846,0.052,16.767,0.048,16.204,0.08,196.1877685,-12.0104602
J124803.39+075841.5,-0.04022,0.0533,-0.15181,0.0599,16.777,0.047,17.059,0.18,192.0141563,7.9781974
J014435.77-071617.4,0.3959,0.0045,-0.216,0.0041,11.671,0.013,11.396,0.009,26.1490766,-7.2715016
J064723.97-623250.9,0.10974,0.0505,0.0364,0.0575,17.602,0.043,17.469,0.121,101.8499082,-62.5474993
J231835.58-001345.0,0.06372,0.1577,-0.22395,0.155,18.151,0.161,17.296,0.214,349.6482607,-0.2291859
J112327.03+150042.9,-0.03544,0.0208,-0.04669,0.0221,15.735,0.024,15.652,0.051,170.8626258,15.0119424
J153113.38+164103.8,0.01387,0.0301,-0.05438,0.0341,16.307,0.029,16.265,0.074,232.8057627,16.6844019
J105850.43-234620.9,-0.11625,0.0041,-0.03171,0.0045,9.252,0.012,8.993,0.008,164.7101544,-23.7724969
J001609.72-004254.9,-0.03814,0.036,0.03009,0.0336,16.165,0.031,16.172,0.077,4.0405273,-0.7152593
J161544.02+054632.1,-0.01725,0.0291,-0.01863,0.0321,16.332,0.031,15.618,0.045,243.9334365,5.775604
J020605.80+054944.0,0.10855,0.0647,-0.00664,0.0649,16.994,0.053,16.974,0.17,31.5241953,5.8289125
J130709.01+151043.1,-0.04045,0.0992,0.09747,0.1071,17.54,0.082,17.843,0.347,196.7875671,15.1786408
J002137.87+002542.3,0.17534,0.1127,-0.3291,0.0998,17.605,0.08,17.918,0.408,5.4078132,0.4284378
J065247.52-574155.6,0.02707,0.0714,0.0699,0.0816,17.892,0.07,17.164,0.113,103.1980206,-57.6987867
J033500.92+234211.1,-0.02809,0.0538,-0.05327,0.0549,16.756,0.048,16.473,0.098,53.7538694,23.7030939
J234334.83-364603.9,0.12451,0.0055,-0.10565,0.0047,13.152,0.012,12.628,0.009,355.8951433,-36.767751
J150846.04+433952.8,0.13388,0.0902,0.14345,0.1053,18.084,0.098,17.285,0.145,227.191862,43.6646907
J074429.44+512938.6,0.08931,0.0892,-0.02931,0.0958,17.629,0.085,17.344,0.215,116.1226932,51.4940577
J132854.47+211427.1,0.35355,0.0672,-1.05952,0.0822,17.974,0.1,17.839,0.332,202.2269695,21.2408702
J104105.43+221551.9,-0.03042,0.0069,-0.00668,0.0076,13.628,0.013,13.695,0.014,160.2726303,22.2644178
J020819.43+254231.2,-0.05641,0.0738,0.03744,0.0726,17.197,0.063,17.83,--,32.0809721,25.7086757
J093215.94+345558.5,0.45066,0.12,0.0874,0.1364,17.882,0.106,18.102,--,143.066427,34.9329255
J230726.27+875326.9,-0.01459,0.0046,-0.14477,0.005,12.616,0.015,12.329,0.011,346.8594879,87.8908246
J172903.74-753031.5,-0.03732,0.0337,0.00487,0.0374,16.592,0.032,17.261,0.176,262.265583,-75.5087757
J011942.96+000621.3,0.1375,0.0042,-0.001,0.0041,7.467,0.016,7.345,0.009,19.9290084,0.1059269
J031013.32-275707.9,0.45316,0.1967,-0.039,0.1831,18.339,0.134,18.178,--,47.555498,-27.9522216
J221841.71+142940.2,0.02794,0.0562,-0.05799,0.0555,16.666,0.042,16.48,0.099,334.6737936,14.4945008
J040418.00+412733.5,-0.03184,0.0042,-0.402,0.0038,11.855,0.013,11.593,0.01,61.075011,41.4593135
J104335.10+121310.8,-0.00996,0.0056,-0.27139,0.0062,13.487,0.014,12.924,0.011,160.8962561,12.2196781
J025830.66-152116.1,0.08833,0.1511,0.13984,0.1498,18.082,0.122,18.09,0.371,44.6277755,-15.3544932
J155706.56+283509.9,-0.06239,0.0926,0.06011,0.108,17.845,0.086,17.724,0.249,239.2773718,28.58611
J075334.13+200559.6,0.06109,0.1145,0.02389,0.1216,17.879,0.122,16.815,0.142,118.3922355,20.0998898
J161929.42+005024.7,-0.10364,0.0556,-0.06768,0.0606,16.963,0.049,16.983,0.144,244.8725965,0.8402209
J085139.00+005341.7,-0.1428,0.0866,-0.233,0.1007,18.127,0.141,16.371,0.088,132.9125262,0.8949224
J155152.31+094051.5,-0.06849,0.0985,-0.17556,0.1164,17.814,0.102,17.029,0.147,237.9679847,9.6809819
J111806.79-064008.5,-0.217,0.0053,-0.05676,0.0055,12.748,0.013,12.548,0.01,169.5283146,-6.6690328
J021129.90+140946.3,-0.14709,0.1074,-0.08798,0.1059,17.564,0.088,17.758,0.37,32.8746013,14.1628703
J140902.85-335825.5,0.00018,0.0151,-0.00109,0.0166,15.104,0.032,14.712,0.036,212.2618827,-33.9737586
J161349.01+134541.1,-0.02382,0.0052,0.00602,0.0057,13.18,0.014,13.045,0.011,243.4542144,13.7614332
J013119.18-003143.6,-0.04114,0.1037,-0.13522,0.1013,17.559,0.088,17.438,--,22.8299234,-0.5287856
J012311.53-692138.4,0.12287,0.0037,-0.01863,0.0032,11.092,0.011,10.825,0.007,20.7980696,-69.3606698
J003402.92-005226.4,0.05125,0.0334,-0.04359,0.0312,16.126,0.03,16.369,0.09,8.5122006,-0.8740171
J024557.50+065423.3,-0.0965,0.1167,-0.14857,0.1132,17.746,0.098,17.581,0.281,41.489594,6.9064859
J075006.59+330609.5,-0.02624,0.0188,0.01006,0.0206,15.59,0.022,15.698,0.052,117.5274734,33.1026582
J003108.17+574914.5,0.01836,0.0195,0.03182,0.0172,15.754,0.021,15.748,0.049,7.7840509,57.8206964
J160918.67-222923.9,-0.05302,0.0208,-0.01069,0.0249,15.538,0.025,15.11,0.041,242.3277903,-22.489996
J223302.69+062016.3,-0.04319,0.0442,-0.01801,0.044,16.549,0.035,16.611,0.117,338.2612318,6.3378652
J235646.72-481509.6,0.0351,0.0253,-0.02593,0.0225,15.906,0.023,15.769,0.044,359.1947048,-48.2526706
J200250.59-052154.2,-0.10814,0.0046,-0.118,0.0048,12.55,0.013,12.1,0.01,300.7108269,-5.3650744
J140024.40+433802.1,-0.05601,0.0432,0.01462,0.0474,17.048,0.044,16.131,0.057,210.1016655,43.6339207
J221148.22+685605.5,-0.00318,0.0126,0.00508,0.0112,15.241,0.018,15.287,0.026,332.9509182,68.9348646
J154007.72+374216.2,-0.09659,0.1316,-0.05697,0.1508,18.103,0.103,18.191,0.358,235.0321786,37.7045233
J125550.12+170042.2,-0.04102,0.0306,-0.05306,0.0355,16.265,0.03,16.055,0.068,193.9588527,17.0117337
J154627.33-332536.2,0.00197,0.0039,-0.0129,0.0041,8.842,0.012,8.927,0.009,236.6139102,-33.4267344
J142440.24+091647.1,-0.07024,0.0308,0.01479,0.035,16.415,0.033,16.168,0.072,216.1677057,9.2797726
J041511.54+823119.4,0.04113,0.0565,-0.00063,0.0605,17.491,0.061,16.417,0.068,63.7981158,82.5220686
J132232.24-234022.8,0.07305,0.1171,0.0908,0.1396,17.9,0.117,17.306,0.232,200.6343634,-23.6730174
J033015.93+000040.7,0.19325,0.0834,-0.07955,0.0904,17.566,0.09,16.304,0.093,52.5664128,0.0113323
J134612.77+082503.0,-0.04762,0.0217,-0.00105,0.0261,15.963,0.025,15.61,0.046,206.5532307,8.4175196
J032738.81-314817.2,0.00526,0.024,-0.01174,0.0238,16.176,0.028,16.046,0.054,51.9117113,-31.8047779
J121914.67+081025.5,-0.26189,0.0121,-0.34105,0.0136,14.826,0.017,14.564,0.022,184.8111241,8.173761
J195458.87-254020.4,-0.07986,0.1156,0.57,0.1222,17.403,0.072,17.072,0.191,298.7453226,-25.6723361
J045326.52-175154.6,0.04782,0.0049,-0.0209,0.0046,12.96,0.013,12.647,0.01,73.3605172,-17.8651874
J132041.35+095748.5,-0.27777,0.0041,-0.15091,0.0045,12.421,0.014,12.223,0.01,200.1723264,9.963493
J111930.88+002136.0,0.00051,0.0419,-0.00933,0.0463,16.559,0.039,16.653,0.123,169.8786966,0.3600271
J154501.06+033700.2,-0.03565,0.039,-0.0061,0.0414,16.544,0.037,16.577,0.106,236.2544264,3.6167418
J222958.26+010150.2,-0.01068,0.1072,-0.33912,0.118,17.994,0.128,16.731,0.131,337.4927489,1.0306347
J100207.17+135831.8,-0.08038,0.0668,0.04649,0.0755,17.128,0.063,16.51,0.116,150.5298846,13.9755147
J095415.62+500139.1,-0.08385,0.0089,-0.0882,0.0104,14.557,0.016,14.245,0.017,148.5651129,50.0275525
J030135.73+002034.9,0.01411,0.0406,-0.04101,0.0377,16.479,0.037,16.078,0.069,45.3988915,0.3430425
J080726.55+321241.4,-0.00338,0.0572,-0.021,0.0635,17.027,0.058,16.352,0.091,121.8606248,32.2115003
J161543.62+355832.7,-0.06536,0.0547,-0.01309,0.0568,17.242,0.048,17.408,0.184,243.9317863,35.975757
J100421.24+502310.4,-0.1546,0.0039,-0.2003,0.0045,7.327,0.018,6.985,0.009,151.0885328,50.3862281
J024154.80-124120.7,0.21154,0.2123,0.09936,0.2284,18.313,0.154,17.93,--,40.4783441,-12.6891053
J110409.02-762719.3,-0.04318,0.0042,0.00626,0.0046,8.045,0.013,7.255,0.009,166.0376012,-76.4553674
J100942.88+580218.2,0.08758,0.0073,0.02925,0.008,14.202,0.014,13.989,0.013,152.4286882,58.0384038
J232947.96-160805.6,0.12293,0.006,-0.6438,0.0065,12.523,0.052,12.237,0.05,352.4498626,-16.1349014
J174559.16+645927.9,0.0,0.0181,0.0,0.0186,16.351,0.079,16.386,0.078,266.4965294,64.9910895
J141405.53+010708.3,-0.34206,0.0091,-0.14419,0.0104,14.676,0.016,14.444,0.019,213.523054,1.1189828
J110455.60+554830.3,0.01388,0.0404,-0.00678,0.0469,16.714,0.038,16.57,0.094,166.2316914,55.808424
J005637.45-240403.2,-0.11434,0.0845,-0.00937,0.0868,17.481,0.076,17.218,0.205,14.1560417,-24.0675792
J131308.29+123523.1,-0.17899,0.0601,-0.16434,0.0619,17.412,0.064,16.584,0.094,198.2845408,12.5897665
J155349.88+693408.7,0.02551,0.0399,0.03068,0.0374,17.144,0.035,16.934,0.094,238.4578687,69.5691087
J225932.84+445001.0,-0.19984,0.0697,-0.0152,0.0674,17.278,0.058,16.728,0.104,344.886841,44.8336225
J130050.61+421427.6,-0.04986,0.0528,0.01183,0.0577,17.327,0.06,16.042,0.054,195.2108759,42.2410205
J143553.89+112921.9,-0.03803,0.0843,-0.06618,0.0954,17.573,0.087,16.858,0.133,218.9745535,11.4894303
J092207.87-801039.1,-0.01791,0.0133,0.00763,0.0115,15.309,0.016,15.434,0.029,140.5328208,-80.1775409
J052701.81-502642.6,0.15291,0.1069,0.0145,0.1092,18.24,0.085,18.295,0.308,81.7575788,-50.4451912
J081945.83+165853.3,-0.16909,0.0046,-0.0497,0.0051,12.256,0.014,11.99,0.009,124.9409952,16.9814867
J124104.33-000533.8,0.17019,0.0561,-0.04304,0.0706,16.915,0.052,16.839,0.145,190.2680559,-0.092737
J104319.37+071232.4,-0.10306,0.0111,-0.02898,0.0121,14.75,0.017,14.475,0.022,160.8307458,7.2090025
J160722.44-221123.6,-0.03002,0.0214,-0.01737,0.0234,15.531,0.025,15.453,0.048,241.8435184,-22.1898907
J114341.47+443111.5,0.02973,0.0526,-0.02288,0.0613,17.327,0.055,16.463,0.081,175.922798,44.5198634
J143423.11-083946.3,-0.0158,0.0349,0.00786,0.0428,16.518,0.037,16.359,0.094,218.5962897,-8.6628634
J153224.20+261059.8,-0.12298,0.1101,0.16197,0.1327,17.847,0.094,18.146,0.387,233.1008678,26.18328
J022831.52+181057.4,-0.04243,0.0767,0.0593,0.074,17.245,0.073,16.695,0.127,37.1313592,18.1826157
J151624.61+721725.2,-0.01338,0.0123,0.03042,0.0113,15.546,0.018,15.041,0.02,229.1025785,72.2903504
J020334.20-010824.8,-0.15577,0.1308,-0.06464,0.1333,17.894,0.105,17.652,0.287,30.8925015,-1.1402292
J232312.24-024458.8,-0.0129,0.1018,-0.02831,0.1,17.534,0.088,16.932,0.155,350.8010163,-2.7496712
J195957.66-644336.8,0.05122,0.1271,0.0864,0.1269,18.206,0.126,17.427,0.196,299.9902485,-64.726906
J044720.53+202134.1,-0.04003,0.0734,0.145,0.0784,17.2,0.064,16.943,0.166,71.8355783,20.3594768
J010448.81+153432.5,-0.05188,0.0329,-0.01466,0.0329,16.222,0.031,15.907,0.058,16.2034007,15.5757154
J102945.52+483403.7,-0.08093,0.0418,-0.04966,0.0513,16.792,0.039,16.57,0.09,157.439673,48.567721
J235404.60+551852.4,-0.00037,0.0235,-0.01992,0.0212,15.943,0.023,16.361,0.073,358.5191676,55.3145701
J114635.23+223025.3,0.04803,0.0735,-0.0663,0.0859,17.386,0.066,16.698,0.122,176.646807,22.5070348
J100318.48-010527.6,-0.03777,0.0111,0.01476,0.0132,14.798,0.016,14.807,0.026,150.8270348,-1.0910231
J151046.93-281844.7,0.00555,0.0066,-0.06758,0.0075,13.383,0.014,13.231,0.012,227.6955501,-28.3124274
J235422.34-081130.1,0.12574,0.0073,-0.08906,0.007,13.966,0.014,13.435,0.012,358.5931027,-8.191711
J120036.06-283725.0,-0.04942,0.0177,-0.01697,0.0215,15.535,0.022,15.37,0.038,180.1502658,-28.6236383
J163050.14+005037.2,-0.12081,0.0699,-0.06858,0.0817,17.268,0.064,17.067,0.177,247.7089327,0.8436878
J164351.42-264834.0,-0.0455,0.0076,-0.1001,0.0083,5.053,0.036,4.868,0.03,250.9642506,-26.8094549
J105045.19+242252.6,-0.00435,0.0154,-0.02137,0.0193,15.398,0.096,15.264,0.114,162.6882984,24.3812965
J030724.57+290447.2,-0.06098,0.0368,-0.09949,0.0375,17.086,0.057,15.051,0.031,46.8523929,29.079795
J143241.77+345116.9,0.09034,0.0722,0.08446,0.0815,17.632,0.072,16.733,0.1,218.1740638,34.8546998
J120948.36+035337.7,-0.07397,0.0703,-0.02826,0.0826,17.419,0.077,16.076,0.078,182.4515181,3.8938305
J230329.06+314957.1,-0.14921,0.0511,0.01109,0.0486,16.806,0.066,16.424,0.101,345.8710876,31.8325336
J111244.86-271316.6,-0.09382,0.135,0.21638,0.1536,17.912,0.108,17.048,0.161,168.1869447,-27.221284
J183931.81+442430.9,0.08723,0.0686,-0.10981,0.0707,17.738,0.064,17.532,0.182,279.8825786,44.4085906
J091534.74+042144.4,-0.01708,0.0271,-0.0312,0.029,15.958,0.026,15.968,0.068,138.8947531,4.3623505
J012447.18-574600.5,-0.21344,0.2766,0.26634,0.2395,18.696,0.191,18.339,0.425,21.1966048,-57.7668215
J010951.58-034326.2,0.37797,0.0042,-0.00327,0.0037,10.105,0.012,9.856,0.008,17.4649286,-3.7239578
J124905.56+100400.8,0.0404,0.0943,-0.13299,0.1039,17.429,0.074,16.964,0.144,192.2732062,10.066907
J052534.90-742618.0,0.00213,0.0235,-0.00827,0.0276,16.5,0.027,16.792,0.081,81.3954319,-74.4383401
J111233.51-765319.9,-0.00937,0.0306,-0.01517,0.0312,16.602,0.032,15.992,0.046,168.1396618,-76.8888788
J084919.69-072250.8,-0.00444,0.0147,-0.00048,0.0171,15.217,0.018,15.357,0.035,132.3320683,-7.3807827
J152501.30+083327.4,0.16033,0.1103,0.11178,0.1279,17.918,0.105,17.078,0.164,231.2554241,8.5576266
J100600.07+035818.1,0.01957,0.0358,0.01968,0.0382,16.354,0.034,16.166,0.076,151.5003093,3.9717212
J133624.87+254011.1,-0.10819,0.0357,0.06521,0.0447,16.784,0.04,16.543,0.092,204.103653,25.6697731
J105013.64+085106.7,-0.01212,0.0964,0.17983,0.1067,17.641,0.096,16.96,0.162,162.556857,8.8518787
J121437.95+631622.1,-0.00612,0.0943,0.02459,0.1064,17.904,0.088,17.125,0.14,183.6581384,63.272812
J131507.30+082605.7,-0.12339,0.1473,-0.01332,0.1749,18.026,0.126,17.507,--,198.7804515,8.4349422
J093829.01-001141.5,-0.01858,0.0954,-0.0317,0.1133,17.557,0.082,17.937,0.397,144.6208869,-0.1948625
J174332.49+584352.6,-0.03611,0.0155,-0.03769,0.0175,16.12,0.022,15.879,0.037,265.8853979,58.7312848
J132049.69+102907.0,0.0026,0.0873,-0.08696,0.0954,17.496,0.078,17.182,0.184,200.2070764,10.4852894
J115242.06+243808.4,-0.47673,0.0042,0.02651,0.0041,11.497,0.012,11.282,0.008,178.175281,24.6356919
J085938.20+634158.6,-0.05996,0.0932,-0.0124,0.1,17.732,0.089,17.021,0.137,134.9092046,63.6996255
J083542.07-081919.5,-0.65954,0.006,0.319,0.0057,11.286,0.017,10.941,0.011,128.9253029,-8.3220872
J033005.29+240527.4,0.19301,0.0045,-0.06611,0.0038,11.186,0.012,10.961,0.009,52.5220616,24.0909538
J161443.16+173918.9,0.12606,0.0916,-0.11076,0.108,17.84,0.09,17.117,0.151,243.6798727,17.6552692
J135712.44+142839.7,0.02414,0.0053,-0.00884,0.0057,13.362,0.013,13.033,0.01,209.3018437,14.4776974
J125352.18-421127.6,-0.02368,0.0289,-0.02051,0.0337,16.332,0.03,16.367,0.081,193.4674203,-42.191006
J102125.56-283059.3,-0.1366,0.1026,0.26823,0.1123,17.786,0.09,17.989,0.346,155.356515,-28.5164892
J153256.80-012511.0,-0.08874,0.0167,-0.01694,0.0191,15.39,0.021,15.097,0.03,233.2366706,-1.4197484
J164714.60+563147.8,-0.02213,0.0903,-0.06122,0.0997,18.129,0.075,18.154,--,251.8108612,56.529948
J011440.03+085409.7,-0.12544,0.1356,-0.17425,0.1371,18.057,0.132,17.173,0.192,18.6667975,8.9026955
J161845.47-132151.0,0.04542,0.0646,-0.06346,0.0673,16.843,0.056,16.959,0.17,244.6894628,-13.3641775
J143516.10-014729.2,-0.51281,0.1599,0.19148,0.1797,18.218,0.149,18.052,0.413,218.817084,-1.7914471
J034915.85+243558.2,-0.00026,0.0419,-0.02714,0.0424,16.352,0.036,16.761,0.139,57.3160416,24.5995248
J041055.99+141124.7,-0.10416,0.0428,-0.0149,0.0444,16.542,0.041,16.552,0.109,62.733329,14.1902195
J150406.55-455248.3,0.01336,0.0339,-0.01378,0.0379,16.243,0.096,16.458,0.152,226.0273203,-45.880094
J230658.99-500923.5,-0.12139,0.1351,-0.10388,0.1253,17.912,0.108,18.03,0.368,346.7458305,-50.1565318
J140441.78+023520.3,0.18373,0.119,0.08827,0.1471,17.807,0.097,17.839,0.34,211.1740883,2.5889908
J030118.57-231935.4,0.02196,0.015,0.01323,0.0146,15.261,0.018,15.219,0.031,45.3273815,-23.32652
J132620.45-273002.4,5e-05,0.0977,0.07046,0.111,17.683,0.099,17.429,0.245,201.5852223,-27.5006755
J042230.77+072340.5,0.20171,0.0083,-0.295,0.0082,14.103,0.015,13.906,0.014,65.6282206,7.3945929
J173422.00+502336.4,-0.01716,0.0272,0.00135,0.0312,16.846,0.03,16.536,0.061,263.5917018,50.3934633
J045840.95-300221.7,0.085,0.0789,-0.0238,0.0826,17.584,0.07,17.378,0.182,74.6706645,-30.0393847
J080027.55+551133.0,-0.02173,0.0048,-0.0904,0.005,12.893,0.013,12.56,0.009,120.1148197,55.1925226
J130615.90+045855.7,0.07885,0.0646,-0.11651,0.0705,17.073,0.058,16.66,0.116,196.5662823,4.9821448
J085837.85+271024.2,-0.02236,0.0722,-0.13,0.0834,17.11,0.059,17.107,0.194,134.6577412,27.1734121
J153944.25+743728.2,-0.0393,0.0039,0.05264,0.0037,11.399,0.013,11.143,0.009,234.9344117,74.6245201
J062727.01-002853.8,0.01648,0.0122,-0.0182,0.0132,14.799,0.018,14.885,0.027,96.8625682,-0.4816323
J011638.07-165447.8,-0.16287,0.1616,-0.15523,0.1529,17.957,0.104,17.99,--,19.1586459,-16.9132972
J131113.04+240040.5,0.01136,0.1254,0.17453,0.1498,17.906,0.102,18.049,0.379,197.804356,24.0112636
J122632.16+152052.9,0.06539,0.0813,-0.10899,0.0966,17.344,0.065,16.928,0.14,186.6340042,15.348039
J105133.41-015458.3,-0.11758,0.0737,0.21107,0.0814,17.374,0.073,16.754,0.126,162.8892392,-1.9162155
J134329.81+131212.1,-0.01704,0.0377,0.06621,0.0442,16.735,0.043,16.308,0.083,205.874209,13.2033877
J234716.98-011008.5,-0.01002,0.0138,0.01375,0.0132,15.045,0.018,14.654,0.022,356.8207748,-1.1690549
J124650.47+314754.3,-0.01895,0.0053,-0.03106,0.006,12.829,0.012,12.906,0.01,191.7103029,31.7984259
J022355.56-581442.0,0.17836,0.1089,-0.14628,0.1018,17.989,0.082,17.673,0.217,35.9814993,-58.2450233
J145849.38+061347.3,0.11466,0.1067,0.11886,0.1101,17.816,0.092,17.162,0.179,224.7057857,6.2298161
J022810.24+253710.9,0.05312,0.0744,-0.03939,0.0757,17.377,0.066,17.079,0.171,37.0427045,25.6197161
J034541.28+235409.2,0.01364,0.0102,-0.07266,0.0106,13.701,0.018,13.42,0.021,56.4220273,23.9025677
J080605.74+292741.4,0.05892,0.0527,0.0149,0.059,16.92,0.051,16.4,0.102,121.5239177,29.4615122
J061353.98+151345.1,0.02235,0.004,-0.16,0.004,8.157,0.013,8.174,0.009,93.4749502,15.2291964
J164011.42+003712.9,-0.05854,0.0424,-0.04085,0.0447,16.417,0.037,16.393,0.09,250.0475832,0.6202549
J122912.94+533246.3,-1.78499,0.0091,0.17427,0.008,10.899,0.015,10.689,0.01,187.3039477,53.5461983
J154215.02+222939.4,0.00776,0.0306,0.00439,0.0339,16.541,0.032,16.708,0.103,235.562609,22.4943003
J104841.73+300637.2,-0.0323,0.0292,-0.03292,0.0317,16.197,0.03,16.145,0.072,162.1738904,30.1103461
J142240.04+233951.9,0.04149,0.1025,-0.11051,0.1156,17.733,0.087,18.283,0.453,215.6668646,23.6644278
J212320.34-261344.9,0.01639,0.0426,-0.01907,0.0413,16.553,0.04,15.858,0.061,320.8347864,-26.2291584
J005347.86-011357.1,0.03906,0.0042,-0.0111,0.004,11.46,0.013,11.415,0.008,13.4494532,-1.2325351
J150635.59+275953.4,0.04316,0.107,0.16283,0.116,17.979,0.108,17.257,0.171,226.6483286,27.998186
J113155.16-343627.4,-0.08813,0.0054,0.01687,0.0048,6.885,0.022,6.594,0.01,172.9798691,-34.6076371
J081947.51+073342.4,0.06635,0.139,-0.214,0.149,17.785,0.105,17.945,0.427,124.9479685,7.5617789
J003633.06-642756.2,0.12846,0.2008,-0.0984,0.1828,18.654,0.167,17.825,0.26,9.1377892,-64.4656324
J231940.77-184418.4,0.06511,0.0851,-0.03878,0.082,17.407,0.073,16.607,0.127,349.9199092,-18.7384531
J140321.66+300755.0,-1.22464,0.0071,0.00978,0.0088,13.114,0.02,12.87,0.015,210.8402855,30.1319697
J131942.97+120844.2,-0.06681,0.0355,-0.03421,0.0388,16.446,0.035,16.284,0.081,199.9290798,12.145634
J010331.36+193511.0,-0.00863,0.1071,-0.02969,0.1144,17.783,0.103,17.647,0.298,15.880699,19.5863987
J040235.46-265208.5,0.06064,0.0685,-0.0212,0.0704,17.18,0.058,17.608,0.259,60.6477685,-26.8690452
J012744.84+135415.4,-0.06338,0.0704,-0.03758,0.0724,17.1,0.058,17.284,0.214,21.9368641,13.9042938
J232619.53-025710.8,0.06868,0.0958,0.05666,0.0934,17.354,0.073,17.415,0.225,351.5813742,-2.953022
J092608.97+020806.5,0.2753,0.1062,0.0637,0.1146,18.059,0.126,16.561,0.101,141.5374116,2.1351504
J102247.09+582537.3,-1.16446,0.0033,-1.05074,0.0049,13.493,0.018,13.208,0.013,155.6962146,58.4270427
J161957.60-283253.9,0.00888,0.0174,-0.03196,0.0179,15.063,0.021,15.007,0.031,244.990005,-28.548309
J072228.48-054037.7,-0.01715,0.0093,0.00365,0.0097,14.29,0.016,14.372,0.019,110.6186811,-5.6771559
J123112.79+405028.3,-0.18862,0.006,0.02234,0.0069,13.82,0.013,13.606,0.012,187.8033236,40.8411976
J215016.99-752100.5,-0.02779,0.0958,0.11243,0.0929,17.74,0.082,18.056,0.339,327.5708285,-75.3501452
J171257.88+064540.0,-0.21565,0.0072,-0.12185,0.0075,14.169,0.061,13.604,0.044,258.2412008,6.7611118
J074656.81+251018.8,-0.01693,0.0178,-0.04854,0.0194,15.371,0.024,15.256,0.04,116.7367138,25.1719053
J015905.30+105543.2,-0.10153,0.0046,-0.09703,0.004,12.214,0.012,12.029,0.01,29.7720966,10.9286871
J054047.77+483214.6,0.01775,0.0189,0.0206,0.0208,15.629,0.024,15.536,0.042,85.1990444,48.5374147
J161500.26+400405.9,-0.02176,0.0093,-0.00437,0.0108,14.995,0.015,14.746,0.018,243.7511189,40.0683179
J194957.71+622216.1,-0.07281,0.0277,0.0635,0.0248,16.68,0.026,16.303,0.05,297.4904664,62.3711426
J135126.07+550652.7,0.24579,0.1122,0.13715,0.1262,17.961,0.087,17.52,0.187,207.8586439,55.1146486
J071111.83+432951.3,0.49065,0.0067,-0.90642,0.008,10.149,0.017,9.9,0.011,107.79929,43.4975964
J042946.38+263024.8,-0.03605,0.0279,-0.0124,0.0295,15.978,0.028,16.175,0.094,67.4432789,26.5068967
J020623.56+264008.9,-0.03128,0.0908,-0.0495,0.0905,17.503,0.082,16.822,0.146,31.5981734,26.6691454
J074006.46+200855.3,-0.01455,0.021,-0.02981,0.0228,15.652,0.024,15.756,0.061,115.0269352,20.1487102
J224453.81-362950.2,-0.0354,0.0316,0.0023,0.0305,16.195,0.028,16.051,0.07,341.2242233,-36.4972863
J103555.96+365549.0,-0.06382,0.0045,-0.14574,0.0046,7.081,0.023,6.871,0.009,158.9831754,36.9302787
J154625.19+031729.1,0.23263,0.0865,-0.02292,0.088,17.462,0.074,17.166,0.169,236.6049656,3.2914176
J160714.82-232130.0,0.03045,0.0253,-0.04366,0.0264,15.635,0.184,15.739,0.165,241.8117678,-23.3583517
J061953.27-290419.2,0.09696,0.0349,-0.062,0.0389,16.665,0.034,16.844,0.11,94.9719852,-29.072005
J060208.79+404347.3,0.02164,0.0217,-0.0503,0.0225,15.698,0.042,15.367,0.052,90.5366381,40.7298271
J145739.34+451718.3,-0.20974,0.0037,0.10249,0.0041,11.636,0.013,11.393,0.009,224.4139374,45.2884291
J223514.44-384425.3,0.08127,0.1114,-0.01279,0.1094,17.998,0.114,16.754,0.124,338.810197,-38.7403759
J170021.15+101914.6,-0.02761,0.0394,0.01437,0.0436,16.695,0.038,16.749,0.12,255.088124,10.3207401
J162735.44+810458.1,-0.01351,0.0374,0.01121,0.0343,16.987,0.033,16.894,0.089,246.897691,81.0828076
J161409.38+821108.2,-0.03801,0.0226,-0.01572,0.0203,16.304,0.021,16.349,0.054,243.5391119,82.1856234
J145058.01+584057.3,-0.04887,0.0497,-0.0096,0.0533,17.218,0.042,16.84,0.099,222.7417429,58.6826034
J104522.67-015016.4,0.02288,0.041,0.08297,0.0476,16.572,0.04,15.922,0.067,161.344467,-1.8379088
J073944.02+130454.1,-0.06814,0.0036,-0.13297,0.0034,7.65,0.013,7.533,0.008,114.9334379,13.0817084
J032124.44+005045.1,-0.08371,0.0684,-0.10216,0.0706,17.016,0.059,16.892,0.159,50.3518571,0.8458853
J032337.17-602618.2,0.04273,0.0241,0.00413,0.0215,16.276,0.022,16.467,0.065,50.9048808,-60.4383964
J154224.89+552245.6,0.0079,0.0103,0.065,0.0127,15.309,0.015,15.061,0.02,235.6037266,55.3793458
J042335.40+250302.3,0.01212,0.0042,-0.0344,0.0037,8.626,0.012,7.825,0.009,65.8975226,25.0506645
J213408.44+713213.2,0.00289,0.0345,-0.00444,0.0321,16.816,0.033,17.203,0.124,323.5351954,71.537009
J025320.59+271309.1,0.00465,0.0195,-0.0245,0.0177,15.452,0.021,15.32,0.039,43.3357959,27.2192003
J103657.93+033600.2,0.02072,0.044,-0.0166,0.0518,16.737,0.047,15.958,0.069,159.2414108,3.6000587
J125940.71+100121.8,0.0517,0.1664,-0.30639,0.1853,18.333,0.17,17.194,0.199,194.9196492,10.0227336
J151240.93+340323.7,-0.02854,0.0077,-0.01411,0.0094,14.704,0.015,14.416,0.016,228.1705451,34.0565946
J092200.03+224933.8,0.00267,0.0612,0.0727,0.0697,17.111,0.063,16.813,0.142,140.5001459,22.8260825
J105012.83+005734.0,0.02109,0.0377,0.00387,0.0404,16.478,0.037,16.532,0.107,162.5534767,0.9594507
J022125.52-683151.1,-0.00967,0.0317,-0.0063,0.027,16.635,0.027,16.671,0.074,35.3563392,-68.5308855
J103309.31+121624.5,0.21455,0.0065,-0.13462,0.0071,13.633,0.014,13.344,0.013,158.288826,12.2734798
J000734.57+011231.4,0.13816,0.0631,-0.05274,0.0636,16.971,0.056,16.296,0.102,1.8940728,1.2087481
J103131.46+123736.4,-0.10217,0.0119,-0.00994,0.0135,14.897,0.019,14.605,0.023,157.8811199,12.6267923
J084210.51+093557.4,0.07982,0.1266,-0.386,0.1582,18.013,0.115,17.927,--,130.5438171,9.5992781
J232519.70-410535.1,0.86354,0.0315,-0.0918,0.0323,18.211,0.132,15.053,0.03,351.3321227,-41.0931035
J122705.77-044737.7,0.05292,0.1022,0.10594,0.1187,17.746,0.103,16.38,0.098,186.774078,-4.7938104
J221537.11+211052.7,0.05893,0.0069,-0.19619,0.0065,14.244,0.014,13.544,0.012,333.9046553,21.1813152
J074718.61+245455.3,-0.03677,0.0138,-0.03885,0.0157,15.161,0.019,15.0,0.031,116.8275714,24.9153664
J113150.72-003645.1,-0.17079,0.0985,-0.12911,0.1145,17.66,0.094,16.656,0.125,172.9613667,-0.61255
J222444.80-015904.2,0.04635,0.0105,-0.22538,0.0096,13.43,0.019,13.326,0.015,336.1866937,-1.9845268
J085039.39-022217.3,-0.03925,0.0081,-0.0151,0.0087,14.104,0.014,14.024,0.015,132.6641449,-2.3714961
J134524.60+521610.9,0.0599,0.1586,-0.12642,0.1673,18.417,0.135,18.621,0.521,206.3525372,52.2697068
J235934.70-733506.3,0.02618,0.013,-0.03247,0.0114,15.153,0.019,15.296,0.03,359.8945901,-73.5851032
J053935.69-023044.9,0.00506,0.0085,0.00247,0.0085,14.001,0.015,14.051,0.016,84.8987276,-2.5124828
J105356.44+385710.4,0.08212,0.1147,-0.04038,0.1377,17.951,0.106,17.596,0.243,163.4852013,38.9529081
J090520.93+100643.8,0.04111,0.042,-0.0703,0.0485,16.599,0.041,15.939,0.062,136.3372184,10.1121904
J230132.11+021623.6,0.08097,0.0772,-0.10682,0.0768,17.29,0.064,16.809,0.137,345.3838275,2.2732235
J082928.18+343953.0,-0.039,0.0095,-0.0785,0.0104,14.513,0.016,14.256,0.018,127.3674524,34.6647376
J071302.95-585501.2,-0.0372,0.0367,0.05716,0.0404,17.083,0.035,16.937,0.097,108.2623244,-58.9170216
J000021.99-481342.1,0.04751,0.0543,0.00406,0.05,16.965,0.044,16.725,0.106,0.0916325,-48.2283732
J055749.89-135951.6,0.00541,0.0156,-0.00408,0.0162,15.227,0.02,15.063,0.029,89.4578946,-13.997671
J081814.08+245316.6,0.00665,0.0356,-0.0349,0.0407,16.31,0.067,16.247,0.127,124.5586723,24.8879615
J083211.62-703120.3,-0.02237,0.0477,0.0269,0.0436,17.302,0.042,17.22,0.114,128.0484171,-70.5223307
J082157.23+250927.0,-0.06179,0.1219,-0.0842,0.1409,17.908,0.128,17.122,0.198,125.4884973,25.1575157
J232217.44-140719.0,0.00983,0.0273,0.0334,0.0272,15.949,0.026,15.576,0.049,350.5726972,-14.12196
J003457.06-070604.0,0.21769,0.0059,-0.18441,0.0057,13.293,0.013,12.945,0.01,8.7377756,-7.1011176
J214955.55+060314.5,0.09977,0.134,-0.04693,0.1302,17.732,0.103,17.654,0.314,327.4814814,6.0540317
J020543.19+084325.2,0.02848,0.0148,-0.01038,0.0132,15.036,0.018,15.173,0.035,31.4299896,8.7236752
J104842.53+011155.6,-0.63606,0.0085,-0.47769,0.01,13.001,0.021,12.719,0.017,162.1772169,1.1987992
J064224.96+042347.6,0.0066,0.0418,-0.0592,0.0493,16.472,0.039,16.468,0.1,100.6040021,4.3965606
J205713.83+171500.8,0.00479,0.007,-0.00978,0.0064,13.647,0.013,13.679,0.013,314.3076272,17.2502242
J212511.30-730800.7,0.29155,0.0482,-0.3956,0.0481,18.276,0.138,15.639,0.039,321.297103,-73.1335535
J210528.64-623620.1,-0.16516,0.1452,0.33745,0.1546,18.629,0.21,17.272,0.186,316.3693356,-62.6055999
J161031.94-191306.4,-0.01432,0.0036,-0.03859,0.0037,8.793,0.011,8.704,0.009,242.6330935,-19.2184684
J155911.33-233800.6,-0.02645,0.0052,-0.04201,0.0056,12.817,0.014,12.175,0.01,239.797238,-23.633525
J203912.57-112714.4,-0.00775,0.0043,-0.0158,0.0042,10.063,0.014,10.159,0.009,309.8023782,-11.454015
J133926.07-175521.7,0.02919,0.0394,0.0583,0.0414,16.345,0.037,16.88,0.156,204.8586268,-17.9226986
J002838.01+150131.9,-0.11832,0.0421,0.02297,0.0413,16.606,0.039,16.352,0.098,7.1584018,15.0255391
J035401.59+234929.4,-0.01396,0.0775,-0.11953,0.0798,17.377,0.076,16.446,0.103,58.5066589,23.8248504
J012735.57+153843.9,0.02179,0.0411,-0.02054,0.0412,16.585,0.04,16.356,0.091,21.8982108,15.6455323
J164904.10+044431.8,-0.02024,0.0327,0.0295,0.0394,16.328,0.034,16.246,0.08,252.2670916,4.7421899
J033331.86-321456.8,0.0432,0.0233,-0.03115,0.0225,15.959,0.063,15.958,0.079,53.3827767,-32.2491293
J012150.34-685539.3,0.13337,0.068,0.13111,0.0615,17.303,0.051,17.672,0.21,20.4597531,-68.927591
J121227.53+100958.2,-0.05889,0.04,-0.09314,0.0454,16.56,0.039,16.178,0.084,183.1147198,10.166179
J172244.78+632922.8,-0.0539,0.0244,-0.06073,0.0274,16.879,0.024,16.465,0.048,260.6866037,63.4896886
J023042.47-302742.0,-0.03175,0.1273,-0.12973,0.1258,18.096,0.126,17.075,0.151,37.6769812,-30.4616765
J033159.56-231811.5,0.04405,0.008,-0.0395,0.0081,13.505,0.043,13.328,0.041,52.9981848,-23.3032059
J030323.00-731234.9,-0.00453,0.0211,0.00877,0.0197,16.309,0.024,16.011,0.041,45.8458518,-73.209698
J010703.83+243459.5,0.01489,0.0604,-0.02045,0.0561,16.931,0.047,17.049,0.168,16.7659698,24.5832109
J163820.78+132718.9,-0.04996,0.1045,-0.0278,0.118,17.938,0.113,16.847,0.119,249.586607,13.4552533
J134403.62+083951.6,-0.27305,0.0109,0.09302,0.013,15.178,0.019,14.485,0.019,206.015116,8.6643454
J231558.73+132237.7,0.03111,0.0932,-0.02394,0.0912,17.449,0.074,17.385,0.207,348.9947094,13.3771579
J041747.94-212947.9,-0.00045,0.0305,-0.0104,0.0294,16.21,0.029,16.055,0.059,64.4497811,-21.4966411
J093442.99-295028.9,0.00824,0.0238,0.00539,0.0273,16.0,0.025,15.914,0.061,143.6791346,-29.8413692
J011826.83+034133.2,0.01999,0.0043,-0.03483,0.0036,8.076,0.012,8.099,0.009,19.6118255,3.6925639
J100428.92-114711.8,0.02754,0.1008,0.25339,0.1261,17.841,0.098,16.937,0.152,151.1205177,-11.7866383
J125013.58+262834.1,0.00797,0.0271,0.02194,0.0318,16.122,0.031,15.74,0.057,192.5565932,26.4761654
J053853.20-022830.1,0.02493,0.0246,0.0288,0.0254,15.929,0.027,15.532,0.048,84.7216896,-2.4750533
J000708.53-245829.7,-0.03269,0.1508,0.18248,0.1536,18.038,0.132,17.935,--,1.7855413,-24.9749216
J092839.82-160338.4,-0.03892,0.0187,-0.0224,0.0212,15.602,0.021,15.754,0.054,142.1659288,-16.0606711
J215750.51-553504.4,-0.08383,0.1245,0.20829,0.1211,17.798,0.093,17.589,0.245,329.4604719,-55.5845574
J040128.51-405102.3,0.13852,0.1045,-0.107,0.1068,18.03,0.094,17.601,0.207,60.368823,-40.8506428
J125722.33+715320.3,-0.02367,0.0168,0.01223,0.0188,15.905,0.019,15.954,0.044,194.3430431,71.8889958
J120359.05+001530.3,0.00603,0.0203,0.01698,0.0214,15.443,0.021,15.281,0.039,180.9960751,0.2584364
J043855.26+042234.9,-0.10284,0.0889,-0.0646,0.0967,17.587,0.089,17.938,--,69.7302769,4.3763809
J140443.50+463418.6,-0.02673,0.0207,-0.02716,0.0224,15.994,0.055,15.791,0.079,211.1812827,46.5718456
J153449.07-295246.8,-0.02556,0.0188,-0.00617,0.0224,15.531,0.023,15.451,0.05,233.704475,-29.8796902
J161937.48+300735.2,0.00708,0.0199,-0.02736,0.0226,15.937,0.023,16.131,0.059,244.9061912,30.1264517
J075404.95+160312.5,-0.37067,0.0044,-0.27375,0.0048,12.487,0.014,12.256,0.01,118.5206449,16.0534729
J104755.38+545719.6,0.05625,0.0691,0.07569,0.0772,17.521,0.063,17.023,0.132,161.9807577,54.9554575
J101318.28-010319.7,-0.09855,0.006,-0.20155,0.0068,13.586,0.013,13.359,0.012,153.3262032,-1.0554929
J221139.42-475849.7,-0.00774,0.0047,-0.05208,0.0042,12.253,0.012,12.065,0.009,332.9142877,-47.9804863
J175014.93+442354.4,0.01127,0.0064,-0.01829,0.0064,14.198,0.013,13.988,0.012,267.5622474,44.3984661
J055517.40+510459.2,0.35273,0.005,-0.543,0.0046,11.262,0.014,10.981,0.01,88.8225151,51.0831216
J125658.18+014553.6,-0.21729,0.1737,0.34201,0.1958,18.273,0.171,17.656,0.325,194.2424477,1.7648892
J095104.46+355806.8,-0.10174,0.0038,-0.193,0.0039,9.567,0.012,9.382,0.008,147.7685823,35.9685598
J042851.67-225346.1,0.01824,0.0107,-0.0122,0.0104,14.763,0.016,14.563,0.019,67.2153095,-22.8961506
J212330.92-234546.7,0.05909,0.0934,-0.02526,0.0974,17.428,0.082,16.609,0.135,320.8788728,-23.7629759
J123928.88+551511.7,-0.0234,0.1015,-0.09948,0.1091,17.868,0.084,18.31,0.402,189.8703541,55.2532585
J161617.37+054013.3,-0.02462,0.0362,-0.01416,0.0391,16.419,0.033,16.574,0.104,244.072387,5.6703734
J112355.48+412227.2,-0.11185,0.0061,-0.08631,0.0068,13.826,0.013,13.504,0.011,170.9811699,41.3742485
J033914.74-114711.7,-0.01792,0.0458,-0.0398,0.0469,16.588,0.041,16.562,0.104,54.8114226,-11.786602
J021922.24-392523.2,0.1239,0.0038,-0.04665,0.0034,10.184,0.011,9.922,0.008,34.8426898,-39.4231216
J085335.81-032934.2,-0.73444,0.0074,-0.448,0.0092,11.388,0.02,11.117,0.015,133.3992356,-3.4928514
J081158.84-085816.1,-0.04374,0.039,0.0231,0.0434,16.631,0.036,17.047,0.149,122.9951867,-8.9711533
J083428.05+230830.0,0.18826,0.1182,-0.0979,0.1443,17.66,0.097,17.141,--,128.6169076,23.1416832
J105043.98+325843.4,-0.09662,0.0115,-0.03669,0.0133,14.946,0.017,14.704,0.023,162.6832813,32.9787259
J000628.96+185714.2,0.03223,0.1444,-0.10186,0.1363,17.832,0.1,17.697,0.312,1.6206791,18.9539636
J055835.38-133914.4,-0.18286,0.0646,0.107,0.067,17.111,0.052,17.077,0.158,89.6474169,-13.6540051
J004946.98+215100.7,-0.07039,0.0517,0.06264,0.0538,16.903,0.05,16.411,0.091,12.4457676,21.85021
J115249.50+643315.5,-0.02297,0.021,-0.01269,0.0241,16.097,0.022,15.941,0.046,178.2062875,64.5543254
J143646.76+310852.8,-0.0008,0.0477,-0.08906,0.0579,17.033,0.047,16.825,0.112,219.1948495,31.1480237
J113716.59+112633.9,-0.24923,0.2247,0.17172,0.2614,18.434,0.181,17.479,--,174.3191445,11.4427504
J223937.49+161701.4,0.07427,0.0648,-0.10554,0.0596,17.138,0.055,16.733,0.115,339.9062409,16.2837353
J004615.15+025134.7,0.17893,0.2261,0.29856,0.2303,18.446,0.19,17.771,--,11.5631383,2.8596559
J125043.17-214943.8,-0.15012,0.0957,0.15756,0.116,17.656,0.09,17.642,0.29,192.6798929,-21.8288593
J112043.09+090429.6,-0.05851,0.0256,-0.04137,0.0294,15.992,0.027,15.838,0.06,170.1795585,9.0748929
J004222.15+145910.8,0.07748,0.0964,-0.05177,0.0999,17.447,0.078,16.907,0.157,10.5923284,14.9863406
J154628.06+253635.7,-0.41333,0.0071,0.11701,0.0076,14.369,0.018,14.099,0.019,236.6169316,25.6099362
J040707.91+151442.3,0.01799,0.0193,-0.0158,0.0195,15.498,0.023,15.491,0.048,61.7829742,15.2450897
J234645.61+112908.2,-0.38466,0.0042,-0.10457,0.0037,11.382,0.013,11.132,0.009,356.69007,11.4856165
J115339.02+503141.7,0.0623,0.0598,0.00472,0.0647,17.287,0.056,16.764,0.108,178.412608,50.5282499
J191914.03+304543.2,0.02339,0.0162,-0.0158,0.0161,15.369,0.02,15.647,0.05,289.8084915,30.7620068
J000614.07+160453.9,0.03993,0.0143,-0.0572,0.014,15.093,0.017,14.942,0.026,1.5586263,16.0816544
J133552.09+112950.9,-0.00454,0.0109,0.00186,0.0124,14.74,0.017,14.784,0.025,203.9670665,11.4974899
J092623.24+071129.1,0.05358,0.0512,-0.124,0.058,16.863,0.049,16.432,0.093,141.5968566,7.1914436
J100034.78+271640.5,-0.04326,0.0425,0.13995,0.0538,16.778,0.044,16.441,0.087,150.1449384,27.2779413
J142635.18-522921.3,-0.02364,0.0256,-0.09861,0.0289,15.874,0.027,15.735,0.049,216.6466217,-52.4892725
J192334.11+331321.6,0.00546,0.0175,0.108,0.0148,5.2,0.055,4.796,0.043,290.892141,33.2226765
J124033.48+460544.7,-0.15698,0.0129,0.08315,0.0146,15.263,0.017,14.982,0.025,190.1395201,46.0957506
J195615.30-175446.2,-0.00884,0.0495,-0.0663,0.0485,16.606,0.045,16.928,0.178,299.0637836,-17.912854
J092933.95+342925.9,0.01517,0.0412,-0.04,0.0452,16.812,0.044,15.811,0.053,142.3914909,34.4905469
J065438.57-713059.4,0.00578,0.0039,0.0205,0.0033,10.544,0.014,10.231,0.009,103.6607312,-71.5165153
J012739.01+280551.3,-0.10615,0.0047,-0.15236,0.004,12.501,0.011,12.228,0.009,21.9125396,28.097597
J030627.29+154455.6,0.1609,0.0881,0.06335,0.0855,17.354,0.075,16.895,0.153,46.6137149,15.7487884
J165850.14+181948.7,-0.0161,0.0136,-0.02951,0.0152,15.219,0.018,15.225,0.03,254.708937,18.3302152
J123242.23-003311.5,-0.17582,0.1566,0.05779,0.1879,18.027,0.139,17.676,0.345,188.1759646,-0.5532204
J182931.55+260101.2,0.00987,0.0146,0.00163,0.0149,15.416,0.018,15.22,0.028,277.3814968,26.0170064
J083558.17+054830.4,-0.13218,0.0048,-0.0274,0.005,12.705,0.012,12.445,0.01,128.9923794,5.8084621
J115659.73+413043.9,-0.10102,0.0085,0.01197,0.0096,14.629,0.015,14.046,0.015,179.2488749,41.5122146
J121710.78-031134.4,-0.03164,0.006,0.0095,0.0068,13.267,0.014,13.145,0.012,184.2949172,-3.1929042
J144057.97-222536.7,-0.34769,0.1065,-0.13507,0.1123,17.591,0.093,17.029,0.184,220.2415598,-22.4268681
J155149.77-213512.9,0.2241,0.0495,-0.03953,0.0518,16.472,0.043,16.556,0.143,237.9574068,-21.5869286
J095558.92-734313.7,-0.01027,0.0129,-0.0117,0.0131,15.432,0.017,15.442,0.03,148.9955041,-73.7204979
J143942.51-110025.7,-0.1089,0.0774,-0.14953,0.0869,17.381,0.075,17.106,0.16,219.9271349,-11.007155
J131313.45+265419.7,-0.07724,0.1071,0.15738,0.1242,17.813,0.099,17.656,0.255,198.3060557,26.9054804
J203042.42+074915.7,0.05035,0.1011,-0.0119,0.1112,17.963,0.108,16.929,0.139,307.6767741,7.821037
J125436.65+293811.1,0.04279,0.1268,-0.08641,0.1491,18.042,0.111,18.383,0.531,193.6527075,29.6364336
J160510.93+042136.3,-0.01046,0.006,-0.01554,0.0064,13.356,0.012,13.397,0.012,241.2955632,4.3600874
J162413.94+002851.4,0.04881,0.0567,-0.05713,0.0638,16.953,0.049,17.292,0.205,246.0581006,0.4809635
J103534.20-071203.9,0.14044,0.0953,0.01888,0.1125,17.575,0.094,16.698,0.125,158.8925011,-7.2011098
J024111.21-032719.7,-0.05832,0.1254,-0.21161,0.1173,17.754,0.101,17.949,0.381,40.2967297,-3.4554835
J054025.76-180258.0,-0.02822,0.0458,0.00563,0.0499,16.848,0.046,16.311,0.077,85.1073612,-18.0494692
J113031.95+234544.9,-0.10523,0.0042,-0.10397,0.0045,12.309,0.012,12.095,0.009,172.6331418,23.7624915
J103217.65+050047.0,-0.03721,0.015,-0.04503,0.0169,15.115,0.018,15.246,0.035,158.0735589,5.0130668
J020734.69+135548.1,0.0701,0.2109,0.23904,0.1954,18.284,0.17,17.993,--,31.8945808,13.9300403
J130041.98+191222.1,0.0,0.0224,0.0,0.0259,15.042,0.037,14.708,0.034,195.174927,19.2061653
J174536.52-164043.6,0.00781,0.0179,0.00948,0.0175,14.402,0.033,14.639,0.053,266.4021864,-16.6787961
J151313.96+401916.2,-0.08177,0.1314,0.14831,0.1473,18.197,0.105,17.731,--,228.3081878,40.3211878
J001557.31+041503.8,0.04467,0.0042,-0.02834,0.0041,7.282,0.019,7.045,0.008,3.9888245,4.2510637
J143154.24-004126.8,-0.0397,0.0285,0.01381,0.0303,16.206,0.031,16.258,0.078,217.9760101,-0.6907893
J162124.06+274638.7,0.00663,0.011,-0.02499,0.0127,14.951,0.016,15.086,0.025,245.3502835,27.7774432
J173836.29+273233.0,0.00547,0.043,-0.00746,0.0445,16.874,0.038,16.692,0.094,264.6512069,27.5425105
J043052.03-084921.9,0.01197,0.004,-0.179,0.0037,8.821,0.013,8.642,0.009,67.7168259,-8.822767
J020742.06+000036.4,0.08506,0.045,-0.08107,0.0442,16.703,0.043,16.193,0.077,31.9252648,0.0101151
J232122.45-004616.4,0.00674,0.0098,-0.07969,0.0091,14.282,0.014,14.108,0.017,350.3435521,-0.7712393
J120619.98+101734.5,-0.0271,0.0298,0.03622,0.0358,16.143,0.03,15.971,0.067,181.5832713,10.2929399
J144139.87+353809.7,-0.03645,0.0055,0.00045,0.0067,13.837,0.014,13.584,0.011,220.4161392,35.6360395
J203438.02+082638.9,-0.09039,0.0952,0.277,0.0918,17.311,0.067,17.88,--,308.6584514,8.4441657
J230722.65-005746.9,0.07395,0.03,-0.03605,0.0289,16.136,0.029,15.738,0.057,346.8443819,-0.963049
J212440.23+184923.8,0.01181,0.0216,-0.0049,0.0208,15.763,0.022,15.947,0.059,321.1676532,18.8232954
J113912.78+084108.4,-0.04147,0.0419,-0.03861,0.0463,16.495,0.042,15.989,0.069,174.8032679,8.6856807
J132859.49-414659.3,-0.01156,0.0298,0.02009,0.0343,16.317,0.031,16.647,0.109,202.2479131,-41.7831607
J002100.55-334650.6,0.03143,0.0399,0.03073,0.0375,16.444,0.036,16.27,0.082,5.2523016,-33.7807434
J044208.83-135704.1,-0.0185,0.0389,-0.0165,0.0382,16.546,0.038,16.247,0.073,70.5367989,-13.9511428
J140348.52+351247.1,-0.01322,0.0344,-0.01654,0.0403,16.747,0.038,16.049,0.055,210.9521705,35.2131083
J103428.20+414001.6,-0.05818,0.0102,0.0554,0.0117,14.932,0.016,14.676,0.02,158.6175358,41.6671206
J151449.75-225438.5,-0.38602,0.0051,-0.2409,0.0052,12.576,0.014,12.333,0.01,228.7073093,-22.9107017
J085726.78-033302.6,-0.10896,0.0506,-0.0686,0.057,16.835,0.045,16.899,0.156,134.3616225,-3.5507378
J061912.93-580314.8,0.00288,0.0038,0.0498,0.0042,7.275,0.019,6.912,0.009,94.8039014,-58.0541144
J171332.59+244934.8,0.00534,0.0287,-0.03256,0.0304,16.329,0.029,16.428,0.081,258.3858181,24.8263498
J160930.29-210459.2,-0.02329,0.0041,-0.02905,0.0041,8.786,0.012,8.775,0.009,242.3762356,-21.0831328
J082303.97-491220.1,-0.01321,0.0201,-0.0162,0.0234,16.037,0.02,16.56,0.077,125.7665539,-49.2056016
J094923.44+080701.0,0.00397,0.0288,0.0513,0.0285,16.036,0.029,15.974,0.068,147.3476708,8.1169547
J153941.50-052111.5,-0.02347,0.0463,0.01594,0.0509,16.747,0.044,16.722,0.131,234.9229446,-5.3532161
J142143.92+013603.6,0.05502,0.0791,-0.18973,0.0846,17.386,0.071,17.004,0.164,215.4330145,1.6010177
J011014.74+010642.1,0.07658,0.041,0.03895,0.039,16.248,0.032,16.128,0.082,17.5614272,1.1116982
J163030.34+434403.9,-0.15004,0.0051,0.02722,0.0058,13.835,0.013,13.262,0.01,247.6264482,43.7344392
J135400.27+011833.4,-0.06208,0.0602,-0.06831,0.0697,17.096,0.058,16.584,0.114,208.5011399,1.3092971
J061605.33-455729.6,-0.0514,0.0454,-0.0431,0.0499,17.342,0.044,17.437,0.15,94.0222159,-45.9582327
J134350.79-385144.6,-0.02293,0.0033,-0.00989,0.0034,9.573,0.01,9.66,0.008,205.961653,-38.8624165
J235958.52-200801.4,0.0188,0.0172,0.03676,0.0163,15.23,0.021,15.178,0.041,359.9938567,-20.133736
J083702.99+195145.8,-0.04424,0.018,-0.0197,0.0199,15.45,0.02,15.583,0.052,129.2624645,19.8627317
J174612.58+503343.8,-0.01122,0.0285,-0.09097,0.0308,16.774,0.028,17.244,0.118,266.5524368,50.5621829
J103609.21-273817.3,0.01432,0.0391,-0.07834,0.0458,16.687,0.04,15.714,0.051,159.0384043,-27.6381413
J013301.77+023111.0,0.10999,0.0925,-0.07922,0.0975,17.727,0.099,16.627,0.117,23.2574009,2.5197441
J032246.60-794059.3,0.09775,0.0033,0.02987,0.0039,11.164,0.01,10.912,0.009,50.6941994,-79.6831594
J172510.02+225515.6,-0.01305,0.0091,0.00126,0.0097,13.85,0.023,13.682,0.019,261.2917607,22.9210171
J020336.89-010232.3,-0.2776,0.103,-0.16345,0.1044,17.983,0.126,16.735,0.126,30.9037166,-1.0423147
J002558.56+391121.4,0.00578,0.0145,-0.03334,0.0124,14.792,0.018,15.002,0.027,6.4940357,39.1893019
J093129.38+052758.0,-0.02871,0.0238,0.0289,0.0296,15.952,0.027,15.992,0.063,142.8724315,5.4661339
J162154.64-204309.5,-0.01766,0.0041,-0.03585,0.0041,9.081,0.013,9.1,0.009,245.4777028,-20.7193281
J233644.20+215338.4,0.23982,0.0043,-0.04412,0.0039,11.531,0.012,11.301,0.008,354.1841712,21.8940029
J204216.84-082115.4,0.05726,0.1084,0.167,0.1089,17.426,0.075,17.839,--,310.5701718,-8.3543037
J232124.40+135441.3,-0.06954,0.0526,0.02916,0.051,16.921,0.045,16.489,0.098,350.351698,13.9114977
J085940.01+114531.2,-0.28663,0.004,-0.0885,0.0041,11.24,0.013,11.01,0.009,134.916738,11.7586728
J212634.28-314326.1,0.21009,0.0046,-0.25495,0.0043,12.034,0.012,11.771,0.009,321.6428472,-31.7239354
J143934.53-804839.0,-0.12901,0.0033,-0.04683,0.0038,10.573,0.012,10.379,0.008,219.8938978,-80.8108603
J125709.00+110840.2,-0.13528,0.1061,0.13563,0.1181,17.669,0.095,16.851,0.144,194.2875021,11.1445149
J035127.16+234502.9,0.01676,0.0335,0.01889,0.036,15.998,0.149,15.881,0.163,57.863183,23.7508113
J174427.06+230402.7,-0.09054,0.0034,-0.18228,0.0035,8.321,0.01,8.338,0.009,266.1127496,23.0674255
J220211.29-111006.9,0.02497,0.0187,-0.04972,0.019,15.284,0.02,15.316,0.039,330.5470431,-11.1685973
J041359.18-475056.2,0.05229,0.0295,-0.0136,0.0287,16.699,0.031,16.647,0.077,63.4966142,-47.8489719
J151421.06+234041.4,-0.03229,0.0289,0.00781,0.0335,16.38,0.031,16.421,0.082,228.5877742,23.6781794
J112437.11+663028.8,-0.14086,0.0918,-0.15555,0.1028,17.785,0.078,17.452,0.182,171.154623,66.5080245
J214139.20-033802.0,0.01179,0.0323,-0.08481,0.0306,16.165,0.029,15.699,0.06,325.4133639,-3.6339016
J233440.20+193238.2,-0.03203,0.0449,0.03523,0.043,16.614,0.038,16.846,0.138,353.6675278,19.5439517
J104051.78+450303.1,-0.01614,0.0314,-0.06603,0.0373,16.56,0.034,16.149,0.072,160.215759,45.0508803
J032517.66-385511.0,0.01952,0.0143,0.00308,0.0132,15.5,0.018,14.951,0.023,51.3236148,-38.91973
J102305.40+044711.7,-0.20219,0.1379,-0.19363,0.1455,18.056,0.133,17.412,0.248,155.7725126,4.7865943
J145658.21+070104.2,0.04104,0.0075,-0.0309,0.0084,14.169,0.014,13.9,0.014,224.2425465,7.0178482
J092112.72-210457.4,-0.03442,0.0179,0.0269,0.0187,15.65,0.021,15.158,0.033,140.3030106,-21.0826235
J045919.22+154051.3,0.02331,0.02,0.00702,0.0221,15.467,0.022,15.531,0.049,74.8300979,15.6809179
J044145.65+230157.6,0.0111,0.004,-0.0359,0.0037,9.701,0.012,9.466,0.008,70.44024,23.03269
J093430.77-135245.0,-0.0434,0.0653,-0.0893,0.075,17.01,0.053,16.779,0.123,143.6282459,-13.8791797
J120214.41+073129.1,0.0232,0.0042,-0.05602,0.0042,9.67,0.012,9.726,0.008,180.5600641,7.5247745
J154236.86-004519.8,-0.0605,0.0223,-0.02551,0.0247,15.803,0.024,15.925,0.058,235.6536063,-0.7555251
J034406.47+321408.9,-0.02823,0.0171,0.00456,0.016,14.322,0.026,14.878,0.059,56.0269922,32.2358236
J203735.66-192220.1,0.02068,0.0121,-0.0278,0.0122,14.598,0.017,14.657,0.026,309.3986207,-19.3722661
J192932.03-442603.5,0.00262,0.0225,-0.0219,0.023,15.885,0.026,15.607,0.044,292.3834943,-44.4343316
J013012.70-104733.8,0.13745,0.0105,-0.34943,0.0093,14.44,0.015,14.085,0.016,22.5529302,-10.7927343
J064528.47-030314.1,-0.01691,0.0163,0.0417,0.0179,15.252,0.02,15.2,0.035,101.3686312,-3.0539331
J133411.80-822652.8,-0.0535,0.0969,0.02154,0.1035,17.886,0.08,17.498,0.185,203.5492051,-82.4480092
J034150.19+042324.7,-0.00927,0.0118,-0.04268,0.0115,14.547,0.017,14.274,0.019,55.4591567,4.3902063
J231854.74-130134.5,-0.1232,0.2502,-0.00991,0.2374,18.3,0.187,17.472,--,349.7281106,-13.0262686
J002159.25-451503.5,0.04628,0.0611,0.06877,0.0598,16.999,0.048,17.045,0.149,5.4969038,-45.2509964
J152103.07+013143.5,-0.18598,0.0099,0.0396,0.0114,14.92,0.018,14.031,0.016,230.2628161,1.5287599
J103524.31+250739.9,-0.18624,0.0049,-0.31403,0.0054,13.011,0.012,12.769,0.01,158.8513287,25.1277555
J154659.99+005318.8,-0.09328,0.0351,-0.01723,0.04,16.46,0.061,16.37,0.112,236.7499654,0.8885687
J124750.31-111816.8,0.24154,0.0391,0.07983,0.0459,16.72,0.043,16.412,0.104,191.9596277,-11.3046752
J121238.13+000708.0,-0.05961,0.0042,-0.02279,0.004,8.921,0.012,8.977,0.008,183.1588917,0.1188958
J184110.84+631506.0,0.0976,0.0888,0.133,0.0796,17.898,0.065,17.597,0.192,280.2951935,63.2516817
J135059.52+292502.1,-0.04458,0.0743,0.20475,0.0851,17.509,0.069,16.92,0.129,207.7480227,29.4172531
J125212.26+142232.4,0.24467,0.1587,0.22577,0.1859,18.152,0.136,17.946,--,193.0510837,14.3756751
J232028.66+412320.0,0.22355,0.059,0.01296,0.055,16.952,0.046,16.699,0.115,350.1194556,41.3889028
J234905.80+183254.2,0.03008,0.0081,0.00167,0.0078,14.036,0.015,13.933,0.015,357.2741763,18.5484118
J024124.99-365353.2,-0.00992,0.0222,-0.00955,0.0202,15.907,0.023,15.78,0.046,40.3541377,-36.8981249
J153107.16+060104.4,-0.02229,0.0558,0.03116,0.0667,16.941,0.047,18.032,--,232.7798607,6.0179065
J093839.84-274840.7,-0.04093,0.0124,-0.00529,0.0131,14.904,0.029,15.015,0.038,144.666004,-27.8113192
J173158.51+265606.9,0.02634,0.0783,-0.08778,0.0854,17.687,0.075,16.876,0.117,262.9937957,26.9352728
J213232.83+293150.2,-0.01606,0.0161,-0.0131,0.0164,15.295,0.02,14.977,0.026,323.1367991,29.5306157
J012053.37+151810.6,0.01037,0.0074,-0.02214,0.0065,13.238,0.015,13.278,0.012,20.2223804,15.3029552
J172622.26-050210.9,-0.08625,0.0071,-0.01732,0.0075,13.823,0.014,13.607,0.013,261.5927509,-5.0363827
J105111.62+314109.6,0.19849,0.0988,-0.10576,0.1078,17.701,0.09,17.278,0.206,162.7984504,31.6860185
J092659.11-005626.5,-0.04143,0.1585,0.318,0.161,18.001,0.121,17.782,0.349,141.7463214,-0.9407055
J102312.16-315152.2,0.0345,0.1721,0.14794,0.1775,18.176,0.137,17.661,--,155.8006886,-31.8645201
J022639.16-072853.2,-0.04181,0.0903,0.00595,0.0929,17.537,0.076,17.295,0.201,36.6631806,-7.4814627
J121644.79+492718.2,-0.01028,0.0635,0.09806,0.0697,17.37,0.06,16.84,0.12,184.1866307,49.4550635
J034408.20+011106.7,0.03219,0.0231,-0.00088,0.0244,15.758,0.028,15.052,0.035,56.0341853,1.1852209
J085717.20+091340.4,-0.03833,0.0794,0.129,0.0937,17.347,0.071,16.624,0.118,134.3216673,9.2278921
J021248.77+221757.6,0.10075,0.0452,0.01369,0.0444,16.671,0.045,15.963,0.07,33.2032359,22.2993339
J085613.78-134224.6,-0.06195,0.0044,-0.0186,0.0046,12.201,0.013,11.677,0.009,134.0574258,-13.7068343
J201949.76-581648.2,-0.01382,0.004,-0.352,0.0037,9.494,0.016,9.291,0.009,304.9573467,-58.2800641
J052842.24-325228.3,-0.01282,0.0129,0.0244,0.0129,15.135,0.061,14.939,0.062,82.1760225,-32.8745325
J130527.48-253828.4,-0.11603,0.0686,-0.05839,0.0744,17.236,0.069,16.327,0.089,196.3645247,-25.6412368
J061549.55-010042.4,0.2045,0.0044,-0.0579,0.0041,12.201,0.012,11.965,0.009,93.9564862,-1.011804
J140755.33+124055.3,-0.00717,0.1266,0.19503,0.1505,18.176,0.137,17.496,0.232,211.9805641,12.6820401
J140401.99+445309.3,-0.01279,0.0205,-0.01885,0.0246,15.999,0.022,15.892,0.049,211.0082948,44.8859229
J093242.74+042156.5,0.01317,0.0955,-0.0163,0.1076,17.46,0.078,16.997,0.165,143.1780871,4.3657214
J024953.18-055823.9,0.03542,0.1605,-0.18549,0.1598,18.124,0.142,17.43,0.227,42.4715931,-5.9733235
J081810.98+331024.0,-0.14722,0.1192,-0.024,0.1453,17.782,0.109,17.539,--,124.545759,33.1733576
J142228.76+221555.0,0.00408,0.0245,-0.00276,0.0307,16.285,0.03,15.97,0.056,215.619858,22.2652838
J203924.10-292643.4,0.40109,0.0071,-1.04,0.0115,11.342,0.018,11.175,0.012,309.8504471,-29.4454144
J222409.74-185244.2,0.25474,0.0061,-0.33185,0.0059,13.324,0.015,13.052,0.011,336.0405876,-18.8789459
J120602.27+281302.2,0.18333,0.1448,-0.04258,0.1721,18.067,0.112,17.924,--,181.5094573,28.2172799
J192503.68+683135.0,-0.06489,0.1017,-0.153,0.0925,18.645,0.113,17.09,0.092,291.2653317,68.5264115
J085343.49+000635.9,-0.05504,0.1342,-0.016,0.1509,18.098,0.139,17.184,0.2,133.4312253,0.109976
J235121.69+301032.8,0.03178,0.0441,-0.02371,0.0409,16.617,0.036,16.718,0.112,357.8404141,30.1758045
J122043.42+620504.1,-0.0271,0.0527,-0.0829,0.057,17.387,0.055,16.484,0.078,185.1809498,62.0844793
J094908.07-154609.0,0.01415,0.1923,0.00747,0.2145,18.427,0.184,18.048,0.398,147.283642,-15.7691784
J221140.40-100835.6,0.06332,0.1589,-0.58109,0.1571,17.889,0.123,17.724,--,332.9183667,-10.1432437
J124036.12+152503.9,-0.03326,0.0387,0.01062,0.0418,16.463,0.035,16.702,0.123,190.1504989,15.4177555
J125230.71+183457.8,-0.07734,0.046,-0.05279,0.0566,16.437,0.039,16.305,0.091,193.1279801,18.5827274
J130522.88+224448.5,0.05992,0.0349,0.0209,0.0421,16.421,0.033,16.142,0.071,196.3453571,22.746825
J021508.68-304005.3,1.07939,0.0065,-0.52868,0.0061,11.569,0.018,11.378,0.013,33.7861902,-30.668143
J214526.75-073457.1,-0.04902,0.0589,-0.01543,0.0586,16.86,0.052,16.543,0.115,326.3614589,-7.5825422
J043618.04-421845.3,-0.01673,0.1706,0.134,0.1708,18.872,0.205,17.416,0.162,69.0751734,-42.3125851
J102841.47+565342.0,0.14721,0.0843,0.07635,0.0932,17.669,0.073,17.039,0.137,157.1727972,56.8950192
J042455.52+000157.5,-0.14462,0.1246,0.0304,0.1224,17.934,0.111,17.389,0.22,66.2313381,0.0326642
J110746.24-761531.5,-0.00607,0.0034,0.01203,0.004,10.288,0.011,10.345,0.009,166.94268,-76.25875
J070159.06+632121.1,0.08245,0.0168,0.12713,0.0188,15.508,0.021,15.51,0.041,105.4961137,63.3558714
J145219.30+482602.2,-0.00968,0.0214,-0.0222,0.0251,16.184,0.025,15.943,0.046,223.0804219,48.433972
J151242.67-103346.1,-0.00017,0.006,-0.02532,0.0061,13.107,0.012,13.148,0.012,228.1777939,-10.5628201
J233119.75+460706.7,0.03558,0.0335,-0.08821,0.0318,16.358,0.028,15.892,0.05,352.8323262,46.1185353
J150547.93+070252.7,-0.16428,0.1232,-0.09549,0.1299,17.731,0.098,18.071,0.4,226.4497155,7.047976
J091105.82+214626.6,0.38689,0.176,-0.0474,0.18,18.14,0.137,17.74,--,137.7742704,21.7740776
J020822.94+273719.5,-0.0199,0.0353,0.04626,0.0353,16.388,0.033,16.626,0.121,32.095612,27.6220973
J041736.39-080022.6,0.00103,0.0093,-0.00597,0.0092,14.113,0.032,13.94,0.032,64.4016267,-8.0062871
J213810.43+373304.8,-0.01972,0.0137,0.01278,0.0124,15.25,0.016,15.445,0.039,324.5434725,37.5513431
J141359.57-045749.1,-0.25742,0.0039,-0.05366,0.0044,12.051,0.013,11.833,0.009,213.49824,-4.9636441
J101657.79-013327.4,0.08454,0.0981,0.13041,0.1166,17.747,0.09,17.582,0.29,154.2408052,-1.5576335
J164522.83+300419.1,-0.01394,0.0363,-0.00065,0.0392,16.756,0.035,16.318,0.066,251.3451484,30.071991
J131823.10-011215.8,-0.04041,0.0304,-0.06612,0.0349,16.253,0.031,15.984,0.069,199.5962741,-1.204405
J004208.88-584042.3,0.14959,0.0989,-0.01709,0.0938,17.508,0.075,17.85,0.298,10.5369984,-58.6784199
J033605.89-014420.9,-0.0138,0.0076,-0.00332,0.007,13.619,0.014,13.48,0.012,54.0245738,-1.7391419
J143511.05-233321.9,-0.05086,0.033,-0.02816,0.038,16.124,0.03,16.38,0.096,218.7960629,-23.556107
J141127.68+200852.3,-0.02326,0.1125,0.20041,0.1265,17.857,0.095,17.957,0.338,212.8653716,20.1478705
J014837.46-104832.5,0.09112,0.1308,-0.28464,0.1187,17.869,0.105,17.264,0.204,27.1561129,-10.8090411
J021012.03+400810.8,-0.05214,0.1095,-0.08152,0.1053,17.739,0.097,16.934,0.146,32.5501289,40.1363607
J175715.42+704206.2,0.01592,0.0027,0.33585,0.0024,10.162,0.014,9.927,0.01,269.314278,70.7017494
J034518.52+320749.1,0.00939,0.0377,-0.01966,0.0371,16.031,0.039,16.241,0.108,56.3271791,32.1303061
J141224.51+163309.9,0.00954,0.0042,-0.1244,0.0042,12.184,0.012,11.942,0.009,213.1021236,16.552763
J145825.80+283940.2,-0.03578,0.0069,0.01302,0.0083,14.218,0.014,14.278,0.015,224.6075052,28.6611907
J061135.16-041025.4,0.07415,0.0056,-0.286,0.0062,13.584,0.013,12.943,0.01,92.8965132,-4.1737488
J231917.60+764517.9,-0.03767,0.041,0.04413,0.0372,16.827,0.036,16.749,0.091,349.8233682,76.7549736
J025504.80-470057.6,1.5631,0.0069,-0.7663,0.0028,12.279,0.015,11.716,0.012,43.7700086,-47.0160179
J084107.75+195339.8,-0.02673,0.0303,0.00813,0.0317,16.076,0.03,16.127,0.074,130.2823031,19.8943896
J140909.35+432749.3,-0.07819,0.0076,-0.0484,0.0086,14.224,0.014,13.969,0.014,212.2889975,43.463714
J003155.05+064947.0,0.2749,0.0043,0.03313,0.004,11.533,0.012,11.303,0.009,7.9794121,6.8297492
J130324.50+360225.3,0.00109,0.031,-0.0398,0.0356,16.352,0.031,16.124,0.066,195.852089,36.0403679
J154319.67+080428.5,-0.01868,0.0314,-0.04376,0.0376,16.431,0.032,16.393,0.087,235.8319595,8.0745946
J092532.13+283550.9,-0.00204,0.0129,0.00191,0.0142,14.992,0.019,14.673,0.024,141.3838749,28.5974723
J124352.99+130957.1,-0.1306,0.0519,-0.00787,0.0623,16.744,0.045,17.061,0.175,190.9708015,13.1658733
J003257.52+141026.7,-0.20604,0.0862,0.03826,0.0879,17.731,0.092,16.401,0.092,8.2397037,14.1741038
J083408.89+040703.0,0.04831,0.1261,-0.019,0.1372,17.709,0.09,18.14,0.449,128.537064,4.117505
