name,name_simbadable,ra_j2000_formula,dec_j2000_formula,teff_atmo,radius_atmo,logg_atmo,log_lbol_lsun,log_lbol_lsun_err
SDSS J000013.54+255418.6,2MASS J00001354+2554180,0.05647,25.905,1200,0.94,4.5,-4.78,0.04
PSO J000.2794+16.6237,Gaia DR2 2772504778021649152,0.2792,16.6241,2600,1.33,4.0,-3.12,0.03
WISEA J000131.93-084126.9,2MASS J00013166-0841234,0.382,-8.69,2300,0.74,4.0,-3.86,0.06
SDSS J000250.98+245413.8,2MASS J00025097+2454141,0.7124,24.9039,1800,0.76,5.0,-4.25,0.12
2MASS J00054844-2157196,SSSPM J0006-2157,1.4519,-21.9555,2500,1.05,4.5,-3.41,0.02
2MASSI J0006205-172051,2MASS J00062050-1720506,1.5854,-17.3475,1700,1.39,5.5,-3.84,0.07
WISEA J000622.67-131955.2,2MASS J00062287-1319503,1.5953,-13.3308,1500,1.01,5.5,-4.33,0.14
SDSS J000632.60+140606.3,2MASS J00063258+1406064,1.6358,14.1018,2300,0.95,4.0,-3.65,0.07
2MASS J00070787-2458042,LEHPM 193,1.7829,-24.9679,2500,1.38,4.0,-3.17,0.02
PSO J002.0878+52.0687,Null,2.0877,52.0697,1200,0.81,5.0,-4.91,0.13
2MASS J00100009-2031122,2MASSI J0010001-203112,2.5004,-20.5201,2400,0.82,3.5,-3.7,0.02
2MASS J00132229-1143006,2MASS J00132229-1143006,3.343,-11.7168,1200,0.92,4.5,-4.8,0.07
2MASSI J0013578-223520,2MASS J00135779-2235200,3.4908,-22.589,1700,0.91,5.5,-4.21,0.05
2MASS J00135882-1816462,2MASS J00135882-1816462,3.4953,-18.2797,1700,1.17,5.5,-3.99,0.03
2MASS J00145575-4844171,2MASS J00145575-4844171,3.7324,-48.738,1800,1.16,5.5,-3.89,0.02
2MASS J00150206+2959323,2MASS J00150206+2959323,3.7586,29.9923,1700,0.95,5.5,-4.16,0.03
2MASSW J0015447+351603,2MASSW J0015447+351603,3.9366,35.2674,1700,1.36,5.5,-3.85,0.03
SDSS J001608.44-004302.3,2MASS J00160844-0043021,4.0352,-0.7174,1800,0.65,5.0,-4.39,0.12
SDSS J001637.62-103911.2,2MASS J00163762-1039106,4.1568,-10.653,2400,0.98,3.5,-3.55,0.04
PSO J004.1834+23.0741,2MASS J00164364+2304262,4.182,23.0739,1800,0.48,5.5,-4.67,0.07
2MASS J00165953-4056541,2MASS J00165953-4056541,4.2481,-40.9483,1800,1.3,5.0,-3.79,0.03
PSO J004.6359+56.8370,PSO J004.6359+56.8370,4.6357,56.8369,1100,0.9,4.0,-4.96,0.08
PSO J004.7148+51.8918,PSO J004.7148+51.8918,4.7133,51.8918,1600,0.81,4.0,-4.41,0.13
SDSS J001911.65+003017.8,2MASS J00191165+0030176,4.7986,0.5049,1800,1.54,5.5,-3.64,0.03
2MASS J00192626+4614078,PM J00194+4614,4.8594,46.2355,2600,2.05,4.0,-2.77,0.02
NLTT 1011B,2MASS J00193275+4018576,4.8865,40.3159,1800,1.54,5.5,-3.64,0.06
2MASS J00193927-3724392,2MASS J00193927-3724392,4.9137,-37.4109,1700,1.52,5.5,-3.76,0.06
Koenigstuhl 1B,Koenigstuhl 1B,5.2747,-42.7454,1900,1.72,5.5,-3.47,0.02
SDSS J002209.31-011040.2,2MASS J00220932-0110399,5.5388,-1.1778,2400,0.99,3.5,-3.53,0.05
PSO J005.6302-06.8669,PSO J005.6302-06.8669,5.6307,-6.8671,1200,1.43,5.0,-4.41,0.1
BRI 0021-0214,V* DY Psc,6.1026,-1.9722,1800,2.01,5.5,-3.4,0.02
PC 0025+0447,PC 0025+0447,6.9249,5.0616,2300,0.97,3.5,-3.63,0.11
2MASS J00282091+2249050,2MASS J00282091+2249050,7.0875,22.8178,1800,0.78,5.0,-4.23,0.04
2MASSI J0028394+150141,2MASSI J0028394+150141,7.1643,15.0282,1700,0.92,4.5,-4.2,0.24
2MASS J00285545-1927165,2MASS J00285545-1927165,7.231,-19.4546,1800,2.19,5.5,-3.34,0.02
HIP 2397B,2MASS J00302476+2244492,7.6033,22.7469,2300,0.94,4.0,-3.66,0.02
2MASSW J0030300-145033,2MASSW J0030300-145033,7.6256,-14.8427,1600,0.81,5.5,-4.42,0.13
2MASSW J0030438+313932,2MASSW J0030438+313932,7.6827,31.6589,1800,1.39,5.5,-3.74,0.05
PSO J007.9194+33.5961,2MASS J00314067+3335459,7.9195,33.5961,1500,0.71,5.5,-4.64,0.1
2MASS J00320509+0219017,2MASS J00320509+0219017,8.0212,2.3172,1800,1.29,5.5,-3.79,0.02
2MASSI J0032431-223727,2MASS J00324308-2237272,8.1796,-22.6242,2300,0.84,3.5,-3.77,0.04
EROS-MP J0032-4405,EROS-MP J0032-4405,8.2327,-44.0849,1800,1.53,5.5,-3.65,0.03
SDSSp J003259.36+141036.6,2MASS J00325937+1410371,8.2473,14.1769,1700,0.71,5.5,-4.42,0.15
2MASS J00332386-1521309,2MASS J00332386-1521309,8.3495,-15.3586,1700,0.91,5.5,-4.2,0.03
2MASS J00345157+0523050,2MASS J00345157+0523050,8.7144,5.3846,900,0.81,5.5,-5.41,0.06
2MASSI J0034568-070601,2MASS J00345684-0706013,8.7369,-7.1004,1800,0.58,5.0,-4.5,0.19
SDSS J003609.26+241343.3,2MASS J00360925+2413434,9.0386,24.2287,1800,0.71,4.5,-4.34,0.13
SDSS J003843.99+134339.5,2MASS J00384398+1343395,9.6833,13.7276,1900,1.84,5.5,-3.41,0.09
HD 3651B,*  54 Psc B,9.8288,21.2547,800,0.83,4.5,-5.6,0.06
PSO J009.8334+58.5781,2MASS J00391959+5834426,9.8318,58.5785,1700,0.79,5.5,-4.34,0.14
WISE J004024.88+090054.8,2MASS J00402492+0900547,10.1039,9.0152,900,0.89,4.0,-5.33,0.05
SDSS J004154.54+134135.5,2MASS J00415453+1341351,10.4773,13.6932,2300,0.88,3.5,-3.72,0.02
WISEA J004403.39+022810.6,2MASS J00440332+0228112,11.0138,2.4698,1600,1.29,4.0,-4.01,0.1
WISE J004542.56+361139.1,2MASS J00454267+3611406,11.4276,36.1947,1000,1.0,4.0,-5.03,0.07
2MASS J00464841+0715177,2MASS J00464841+0715177,11.7017,7.2549,2200,1.59,3.5,-3.3,0.02
WISEP J004701.06+680352.1,2MASS J00470038+6803543,11.7517,68.0651,1600,0.88,3.0,-4.48,0.06
WISEPC J004928.48+044100.1,2MASS J00492826+0440575,12.3678,4.6826,1500,0.65,5.5,-4.71,0.07
WISE J004945.61+215120.0,WISE J004945.61+215120.0,12.4415,21.8556,700,0.73,4.5,-5.93,0.08
2MASS J00501994-3322402,2MASS J00501994-3322402,12.5836,-33.3775,900,0.83,4.5,-5.4,0.06
SIPS J0050-1538,SIPS J0050-1538,12.6017,-15.6387,2400,0.87,4.0,-3.65,0.02
2MASSW J0051107-154417,2MASSW J0051107-154417,12.795,-15.738,1800,1.27,5.0,-3.81,0.04
2MASS J00521232+0012172,2MASS J00521232+0012172,13.0515,0.2049,1800,0.9,5.5,-4.12,0.12
RG 0050-2722,RG 0050-2722,13.2279,-27.0999,2400,0.94,3.5,-3.58,0.02
2MASS J00531899-3631102,2MASS J00531899-3631102,13.3291,-36.5195,1800,1.26,5.5,-3.83,0.03
SDSSp J005406.55-003101.8,2MASS J00540655-0031018,13.5274,-0.5173,1800,1.37,5.5,-3.74,0.05
PSO J013.7740+38.2804,Null,13.7724,38.2802,1400,0.99,5.5,-4.45,0.13
2MASS J00550564+0134365,2MASS J00550564+0134365,13.7736,1.5769,1800,0.95,5.0,-4.06,0.23
SDSS J005705.55-084624.2,2MASS J00570555-0846241,14.2731,-8.7734,2300,1.33,4.0,-3.36,0.09
2MASSW J0058425-065123,SIPS J0058-0651,14.6773,-6.8567,1800,1.57,5.5,-3.63,0.02
WISEA J010202.11+035541.4,SIMP J0102018+035540,15.5077,3.928,1400,0.75,3.5,-4.68,0.1
LHS 132,LP  938-71,15.7127,-37.6288,2600,1.16,4.0,-3.26,0.02
2MASSI J0104075-005328,2MASS J01040750-0053283,16.0315,-0.8913,1800,0.86,5.5,-4.15,0.13
ULAS2MASS J0106+1518,2MASS J01063737+1518556,16.6555,15.3153,2500,0.94,4.0,-3.51,0.02
2MASS J01071607-1517577,2MASS J01071607-1517577,16.817,-15.2994,2600,1.79,4.0,-2.87,0.02
SDSSp J010752.33+004156.1,2MASS J01075242+0041563,16.968,0.6991,1700,0.6,5.0,-4.57,0.07
SDSS J010840.49+134739.3,2MASS J01084048+1347390,17.1687,13.7942,2400,0.96,4.0,-3.56,0.07
2MASS J01165457-1357342,SIPS J0116-1357,19.2274,-13.9595,2400,1.55,3.5,-3.15,0.02
2MASSI J0117474-340325,2MASS J01174748-3403258,19.4479,-34.0572,1900,1.32,4.0,-3.69,0.03
SDSS J011912.22+240331.6,2MASS J01191207+2403317,19.8005,24.0588,1400,0.72,5.5,-4.74,0.11
HIP 6217C,2MASS J01194467+0006181,19.9361,0.1051,2700,1.4,4.5,-3.0,0.04
SIMP J01205253+1518277,2MASS J01205253+1518277,20.2191,15.3076,2300,1.32,3.5,-3.36,0.22
WISEPA J012333.21+414203.9,WISE J012333.23+414203.8,20.886,41.7006,1000,0.85,4.0,-5.18,0.07
SSSPM J0124-4240,SSSPM J0124-4240,20.9961,-42.6687,2500,1.12,4.5,-3.36,0.02
SERC 296A,2MASS J01245068-3844389,21.2112,-38.7442,2800,3.3,5.0,-2.21,0.02
2MASSI J0125369-343505,2MASS J01253689-3435049,21.4038,-34.5847,1800,1.3,5.5,-3.8,0.04
2MASS J01262109+1428057,2MASS J01262109+1428057,21.5879,14.4683,1700,1.19,3.5,-4.01,0.06
CTI 012657.5+280202,CTI 012657.5+280202,21.9131,28.0982,2400,1.08,3.5,-3.46,0.02
SDSS J012743.51+135420.9,2MASS J01274352+1354210,21.9313,13.9058,1700,0.87,5.5,-4.25,0.12
2MASSW J0129122+351758,2MASSW J0129122+351758,22.3011,35.2995,1800,0.84,5.0,-4.16,0.07
2MASS J01311838+3801554,2MASSI J0131183+380155,22.8267,38.0321,1700,1.32,5.5,-3.88,0.03
2MASS J01340281+0508125,2MASS J01340281+0508125,23.5118,5.1368,1800,1.39,5.5,-3.73,0.06
PSO J023.8557+02.0884,2MASS J01352531+0205232,23.8555,2.0898,1800,0.51,5.5,-4.61,0.1
WISE J013525.64+171503.4,WISE J013525.64+171503.4,23.858,17.2514,900,0.84,5.5,-5.37,0.09
2MASSW J0135358+120522,2MASSW J0135358+120522,23.8994,12.0894,1800,1.29,5.5,-3.8,0.02
PSO J024.1519+37.6443,PSO J024.1519+37.6443,24.1519,37.6444,2700,0.74,5.0,-3.58,0.09
SIMP J013656.5+093347.3,SIMP J013656.5+093347.3,24.2357,9.5631,1300,0.82,5.5,-4.76,0.05
WISEPC J013836.59-032221.2,2MASS J01383648-0322181,24.6521,-3.3718,1300,0.83,5.5,-4.74,0.07
2MASSW J0141032+180450,2MASS J01410321+1804502,25.2635,18.0806,1800,1.55,5.5,-3.65,0.02
2MASS J01414839-1601196,2MASS J01414839-1601196,25.4516,-16.0221,1800,0.84,5.0,-4.17,0.18
2MASS J01415823-4633574,2MASS J01415823-4633574,25.4926,-46.5659,1700,1.87,5.5,-3.57,0.03
2MASS J01443536-0716142,2MASS J01443536-0716142,26.1475,-7.2706,1800,0.81,5.0,-4.2,0.02
2MASS J01460119-4545263,2MASS J01460119-4545263,26.5049,-45.7573,1900,2.68,5.5,-3.06,0.05
2MASS J01472702+4731142,2MASS J01472702+4731142,26.8625,47.5207,1800,1.27,5.5,-3.81,0.06
2MASSW J0147334+345311,2MASSW J0147334+345311,26.8894,34.8864,1800,1.93,5.5,-3.45,0.03
SDSS J015141.69+124429.6,BRLT 38,27.924,12.7412,1400,0.65,5.5,-4.82,0.08
PSO J028.0715-15.5717,Null,28.0714,-15.5714,1900,1.53,5.5,-3.58,0.09
SDSS J015354.23+140452.9,2MASS J01535422+1404532,28.4759,14.0814,2400,0.92,3.5,-3.6,0.03
GD 280B,2MASS J01545796+4819596,28.7415,48.3332,2400,1.08,3.5,-3.45,0.07
2MASS J01550354+0950003,2MASS J01550354+0950003,28.7648,9.8334,1800,0.98,5.0,-4.03,0.02
HIP 9269B,2MASS J01591078+3312313,29.795,33.2087,1700,0.72,5.5,-4.42,0.03
2MASS J02042212-3632308,SSSPM J0204-3633,31.0922,-36.5419,2500,1.31,4.5,-3.22,0.02
2MASSW J0205034+125142,2MASSW J0205034+125142,31.2645,12.8617,1800,0.77,5.0,-4.25,0.06
SDSS J020551.36-075925.0,2MASS J02055138-0759253,31.4641,-7.9903,1700,1.28,5.5,-3.91,0.23
SDSS J020608.97+223559.2,2MASS J02060880+2235593,31.537,22.5998,1800,0.76,5.5,-4.27,0.14
PSO J031.5651+20.9097,PSO J031.5651+20.9097,31.5644,20.9099,1000,1.01,4.0,-5.03,0.07
WISEPA J020625.26+264023.6,2MASS J02062493+2640237,31.6048,26.673,1700,0.52,5.0,-4.69,0.03
SDSS J020735.60+135556.3,SDSS J020735.60+135556.3,31.8983,13.9323,1800,1.22,5.5,-3.84,0.03
SDSS J020742.48+000056.2,2MASS J02074284+0000564,31.9285,0.0155,1200,0.93,4.5,-4.78,0.12
2MASSW J0208183+254253,2MASS J02081833+2542533,32.0766,25.7148,1800,1.46,5.5,-3.69,0.02
2MASSW J0208236+273740,2MASSW J0208236+273740,32.0986,27.6277,1800,1.42,5.0,-3.71,0.11
PSO J032.2211+67.4179,Null,32.2202,67.4181,2500,2.0,4.0,-2.85,0.08
2MASSW J0208549+250048,2MASSW J0208549+250048,32.2292,25.0135,1800,0.72,5.0,-4.31,0.12
WISE J021010.25+400829.6,WISE J021010.25+400829.6,32.5437,40.1423,1200,0.84,4.5,-4.88,0.13
PSO J033.2936+20.4493,Null,33.2934,20.4497,1400,0.88,5.5,-4.58,0.2
2MASS J02132062+3648506C,PSO J033.3327+36.8105,33.3326,36.8104,1200,0.87,5.5,-4.84,0.04
2MASSI J0218291-313322,2MASSI J0218291-313322,34.6213,-31.5564,1800,1.07,5.5,-3.97,0.02
2MASS J02192196+0506306,2MASS J02192196+0506306,34.8415,5.1085,1800,1.55,5.5,-3.64,0.03
SSSPM J0219-1939,SSSPM J0219-1938,34.8669,-19.6448,1900,1.4,5.5,-3.65,0.02
WISEPC J022322.39-293258.1,WISEP J022322.39-293258.1,35.8406,-29.5477,700,0.93,5.0,-5.73,0.09
HIP 11161B,2MASS J02233667+5240066,35.9029,52.6685,1900,1.28,5.5,-3.73,0.02
2MASSI J0224367+253704,2MASSI J0224367+253704,36.1529,25.6179,1700,1.35,5.5,-3.87,0.07
CFBDS J022644.65-062522.0,CFBDS J022644-062522,36.686,-6.4228,1400,0.73,5.0,-4.73,0.17
2MASS J02271036-1624479,SIPS J0227-1624,36.793,-16.4132,1800,1.54,5.5,-3.65,0.02
PSO J036.9069+08.5025,Null,36.9059,8.5029,2000,0.62,5.0,-4.33,0.02
2MASSW J0228110+253738,2MASSI J0228110+253738,37.046,25.6273,1800,2.22,5.5,-3.32,0.03
2MASS J02284243+1639329,2MASS J02284243+1639329,37.1768,16.6592,1800,1.95,5.5,-3.43,0.02
2MASS J02292794-0053282,2MASS J02292794-0053282,37.3665,-0.8912,1800,1.64,5.5,-3.59,0.22
PSO J037.4616+17.2761,Null,37.4614,17.2764,2500,1.63,4.0,-3.03,0.03
2MASS J02301551+2704061,2MASS J02301551+2704061,37.5647,27.0684,1800,2.3,5.5,-3.29,0.02
WISE J023038.90-022554.0,2MASS J02303865-0225546,37.6612,-2.4319,1400,0.86,4.5,-4.59,0.12
2MASS J02304442-3027275,2MASS J02304442-3027275,37.6851,-30.4575,1800,1.37,5.5,-3.73,0.06
DENIS J0230450-095305,2MASS J02304498-0953050,37.6875,-9.8848,1800,1.26,5.5,-3.82,0.02
NLTT 8245B,2MASS J02332368+6545493,38.3486,65.7637,2500,1.15,4.0,-3.33,0.02
SDSS J023547.56-084919.8,2MASS J02354756-0849198,38.9482,-8.8222,1800,1.37,5.5,-3.74,0.04
GJ 1048B,HD  16270B,38.9997,-23.5223,1800,1.67,5.5,-3.57,0.03
SDSSp J023617.93+004855.0,2MASS J02361794+0048548,39.0748,0.8152,1800,0.75,5.5,-4.28,0.23
PSO J039.6352-21.7746,PSO J039.6352-21.7746,39.635,-21.7742,2400,0.81,4.0,-3.71,0.02
2MASSI J0239424-173547,SIPS J0239-1735,39.9269,-17.5965,1800,1.61,5.5,-3.6,0.02
2MASS J02411151-0326587,2MASS J02411151-0326587,40.298,-3.4497,1700,1.79,5.5,-3.61,0.1
WISE J024124.73-365328.0,WISE J024124.73-365328.0,40.3522,-36.8915,900,0.88,5.0,-5.33,0.06
LSPM J0241+2553B,LSPM J0241+2553B,40.4648,25.8958,1800,1.2,5.5,-3.86,0.03
2MASSI J0241536-124106,2MASS J02415367-1241069,40.4738,-12.6853,1800,1.17,5.5,-3.88,0.04
2MASSW J0242435+160739,2MASSW J0242435+160739,40.6815,16.1275,1800,1.27,5.5,-3.81,0.08
SDSS J024256.98+212319.6,2MASS J02425693+2123204,40.7373,21.3888,1600,1.07,5.5,-4.18,0.08
2MASSI J0243137-245329,2MASSI J0243137-245329,40.8071,-24.8917,1000,0.85,4.0,-5.18,0.06
WISE J024512.62-345047.8,WISE J024512.62-345047.8,41.3029,-34.8466,700,1.36,5.0,-5.4,0.12
PSO J041.5426+01.9456,2MASS J02461021+0156447,41.5425,1.9458,1400,0.89,4.5,-4.56,0.09
SDSS J024749.90-163112.6,2MASS J02474978-1631132,41.9576,-16.5203,1400,0.71,5.5,-4.76,0.13
BR B0246-1703,LP  771-21,42.1708,-16.8561,2600,1.22,5.0,-3.22,0.02
2MASS J0249-0557 c,2MASS J02495436-0558015,42.4766,-5.9671,1800,1.32,5.0,-3.77,0.02
TVLM 831-154910,TVLM 831-154910,42.5486,-1.8582,2700,2.1,4.5,-2.65,0.02
TVLM 831-161058,TVLM 831-161058,42.8052,0.7934,2500,1.18,4.0,-3.32,0.02
PSO J042.8405+35.3726,Null,42.8401,35.3729,2400,1.12,3.5,-3.43,0.02
TVLM 831-165166,TVLM 832-7464,42.9278,-1.0349,2800,1.23,4.0,-3.07,0.02
TVLM 832-10443,TVLM 832-10443,43.1096,0.9396,2400,1.15,3.5,-3.4,0.02
Teegarden's Star,NAME Teegarden's Star,43.2537,16.8813,2800,1.16,4.0,-3.12,0.02
PSO J043.5395+02.3995,2MASS J02540788+0223563,43.5319,2.3989,700,0.84,5.0,-5.81,0.08
DENIS-P J025503.3-470049,DENIS J025503.3-470049,43.7654,-47.0143,1500,0.64,5.5,-4.72,0.06
HIP 13589B,2MASS J02550698+2136221,43.7792,21.6062,2600,1.4,4.0,-3.09,0.03
2MASS J02572581-3105523,2MASS J02572581-3105523,44.3577,-31.0978,1500,0.7,5.5,-4.64,0.06
2MASS J03001631+2130205,2MASS J03001631+2130205,45.068,21.5057,1800,0.91,5.5,-4.11,0.12
2MASSI J0302012+135814,2MASSI J0302012+135814,45.5051,13.9706,1800,0.97,5.0,-4.04,0.06
SDSSp J030321.24-000938.2,2MASS J03032123-0009378,45.8385,-0.1606,2400,1.17,4.0,-3.38,0.1
SSSPM J0306-3648,SSSPM J0306-3648,46.5483,-36.798,2500,1.12,4.0,-3.36,0.02
2MASSW J0306268+154514,2MASSW J0306268+154514,46.612,15.7536,1700,0.61,5.0,-4.55,0.14
WISEPA J030724.57+290447.6,CWISE J030724.57+290447.2,46.8527,29.0802,1000,0.73,5.5,-5.34,0.15
WISEA J030845.36+325923.1,2MASS J03084507+3259277,47.188,32.9908,2300,0.79,5.0,-3.82,0.07
2MASSW J0309088-194938,2MASSW J0309088-194938,47.2871,-19.8275,1800,0.86,5.0,-4.16,0.15
2MASS J03101401-2756452,2MASSI J0310140-275645,47.5583,-27.946,1800,1.03,5.0,-3.99,0.15
2MASS J03140344+1603056,2MASS J03140344+1603056,48.5143,16.0515,1800,1.64,5.5,-3.58,0.02
PSO J048.9806+07.5414,2MASS J03155533+0732286,48.9804,7.5412,1800,0.69,5.5,-4.36,0.13
PSO J049.1124+17.0885,2MASS J03162679+1705193,49.1116,17.0888,1900,0.49,5.5,-4.58,0.11
2MASSI J0316451-284852,SIPS J0316-2848,49.1881,-28.8145,1800,1.6,5.5,-3.61,0.02
2MASS J03185403-3421292,2MASSI J0318540-342129,49.7253,-34.3581,1600,0.63,5.5,-4.64,0.05
2MASS J03201720-1026124,2MASS J03201720-1026124,50.0717,-10.4368,2500,1.33,4.0,-3.21,0.02
LP 412-31,LP  412-31,50.2488,18.9063,2600,1.12,5.0,-3.29,0.02
WISEA J032301.88+562558.0,2MASS J03230145+5626012,50.7568,56.4339,1700,0.7,5.0,-4.44,0.06
2MASS J03231002-4631237,2MASS J03231002-4631237,50.7917,-46.5232,1800,1.5,5.0,-3.66,0.03
2MASS J03250136+2253039,2MASSI J0325013+225303,51.2559,22.8843,1700,1.25,5.5,-3.92,0.04
WISE J032547.72+083118.2,WISE J032547.72+083118.2,51.4485,8.5218,800,1.13,3.0,-5.31,0.07
SDSS J032553.17+042540.1,2MASS J03255322+0425406,51.4718,4.4279,1100,1.0,5.5,-4.9,0.07
2MASS J03264225-2102057,2MASS J03264225-2102057,51.6761,-21.035,1600,1.07,4.0,-4.17,0.05
SDSSp J032817.38+003257.2,2MASS J03281738+0032572,52.0725,0.5492,1700,0.97,5.5,-4.15,0.17
2MASSI J0328426+230205,2MASSI J0328426+230205,52.1776,23.0348,1800,0.59,5.5,-4.49,0.11
PSO J052.2746+13.3754,2MASS J03290567+1322317,52.2736,13.3755,1200,0.88,5.0,-4.83,0.07
SDSSp J033035.13-002534.5,2MASS J03303511-0025346,52.6464,-0.4264,1800,0.95,5.5,-4.08,0.03
PSO J052.7214-03.8409,2MASS J03305326-0350280,52.7218,-3.8411,1400,0.63,3.5,-4.83,0.1
2MASS J03320043-2317496,SIPS J0332-2317,53.0019,-23.2971,2500,1.18,4.0,-3.31,0.02
LEHPM 3396,LEHPM 3396,53.5509,-49.8922,2500,0.85,4.0,-3.6,0.02
2MASSI J0335020+234235,2MASSW J0335020+234235,53.7587,23.7098,2600,3.05,4.0,-2.42,0.02
2MASS J03354535+0658058,2MASS J03354535+0658058,53.939,6.9683,2400,1.33,3.5,-3.28,0.02
WISE J033651.90+282628.8,2MASS J03365177+2826315,54.216,28.4421,1100,1.0,4.0,-4.88,0.07
2MASSW J0337036-175807,2MASSW J0337036-175807,54.2649,-17.9688,1700,1.19,4.5,-3.99,0.08
WISE J033713.43+114824.5,2MASS J03371340+1148280,54.3058,11.8078,2700,1.04,5.5,-3.26,0.03
PSO J054.8149-11.7792,2MASS J03391557-1146440,54.8149,-11.779,1800,0.94,5.0,-4.07,0.07
LP 944-20,LP  944-20,54.8969,-35.4288,1900,1.54,5.5,-3.56,0.02
PSO J055.0493-21.1704,PSO J055.0493-21.1704,55.0485,-21.1701,1300,0.81,5.5,-4.77,0.13
PSO J057.2893+15.2433,PSO J057.2893+15.2433,57.2892,15.2437,1600,1.18,3.0,-4.22,0.09
LHS 1604,LP  593-68,57.7501,-0.8791,2600,1.43,4.0,-3.08,0.02
SDSS J035104.37+481046.8,2MASS J03510423+4810477,57.7676,48.1799,1800,0.58,5.0,-4.45,0.12
YU-29133_55877,Gaia DR3 231029348869153664,58.0036,41.7957,1800,3.16,5.5,-3.01,0.04
2MASS J03521086+0210479,2MASS J03521086+0210479,58.0453,2.18,2400,0.95,3.5,-3.58,0.02
SDSS J035308.54+103056.0,2MASS J03530845+1030564,58.2853,10.5157,1800,1.4,5.5,-3.72,0.04
2MASS J03540135+2316339,LSPM J0354+2316,58.5058,23.2761,2500,1.34,4.0,-3.21,0.02
2MASSW J0355419+225702,2MASS J03554191+2257016,58.9247,22.9505,1800,0.69,5.0,-4.35,0.18
2MASS J04012977-4050448,2MASS J04012977-4050448,60.3741,-40.8458,1800,2.15,5.5,-3.34,0.02
WISE J040137.21+284951.7,2MASS J04013766+2849529,60.4066,28.8313,1800,1.03,5.5,-4.0,0.02
WISE J040418.01+412735.6,2MASS J04041807+4127398,61.0753,41.461,1700,1.15,5.5,-4.0,0.03
2MASS J04062677-3812102,2MASS J04062677-3812102,61.6115,-38.2028,1700,1.7,5.5,-3.67,0.23
2MASS J04070752+1546457,2MASS J04070752+1546457,61.7814,15.7793,1700,1.49,4.5,-3.79,0.05
2MASS J04070885+1514565,2MASS J04070885+1514565,61.7866,15.2491,1100,0.91,4.5,-4.97,0.05
2MASS J04081032+0742494,2MASS J04081032+0742494,62.043,7.7137,2500,1.3,4.0,-3.23,0.02
2MASSI J0408290-145033,SIPS J0408-1450,62.1211,-14.8427,1800,1.21,5.5,-3.85,0.02
2MASSI J0409095+210439,2MASSI J0409095+210439,62.2897,21.0775,1700,1.19,5.5,-3.97,0.04
Hya03,2MASS J04102390+1459104,62.5996,14.9862,1800,1.57,5.5,-3.63,0.06
WISEPA J041054.48+141131.6,WISE J041054.48+141131.1,62.7269,14.1924,1000,0.85,5.0,-5.2,0.14
PSO J063.1519-02.8904,Null,63.1516,-2.8903,1900,1.28,5.5,-3.73,0.07
2MASSI J0415195-093506,2MASSI J0415195-093506,63.8324,-9.5851,800,0.65,4.5,-5.81,0.06
2MASS J04174743-2129191,2MASS J04174743-2129191,64.4477,-21.4886,2400,1.18,3.5,-3.38,0.02
2MASS J04203904+2355502,2MASS J04203904+2355502,65.1626,23.9306,1800,1.57,5.5,-3.62,0.03
2MASS J04270723+0859027,2MASS J04270723+0859027,66.7802,8.9841,2400,1.16,3.5,-3.41,0.02
DENIS-P J04272708-1127143,2MASS J04272708-1127143,66.8629,-11.454,2600,1.31,4.0,-3.15,0.02
CFHT-Hy-20,Cl* Melotte   25   CFHT      20,67.6613,13.1658,1300,0.83,5.5,-4.75,0.06
2MASS J04305157-0849007,2MASS J04305157-0849007,67.7149,-8.8169,2500,1.53,4.5,-3.09,0.02
Cl* Melotte 25 DKJ 14784e,2MASS J04332279+1223507,68.345,12.3974,1800,2.37,5.5,-3.28,0.05
Hya12,2MASS J04354290+1323449,68.9288,13.3959,1800,0.89,5.0,-4.13,0.22
2MASS J04362054-4218523,2MASS J04362054-4218523,69.0856,-42.3145,1800,2.06,5.5,-3.38,0.04
2MASS J04362788-4114465,2MASS J04362788-4114465,69.1162,-41.2462,2500,1.74,4.0,-2.97,0.02
PSO J069.4987+19.6346,Gaia DR3 3410602846507601920,69.4987,19.6348,2500,2.26,3.5,-2.74,0.03
2MASSI J0439010-235308,2MASS J04390101-2353083,69.7542,-23.8857,1700,0.76,5.5,-4.37,0.03
Hya04,2MASS J04421852+1754378,70.5772,17.9105,1800,1.62,5.5,-3.59,0.05
2MASSI J0443058-320209,2MASS J04430581-3202090,70.7743,-32.0358,1800,0.7,5.5,-4.33,0.02
2MASS J04433761+0002051,2MASSI J0443376+000205,70.9067,0.0348,1800,2.49,5.5,-3.22,0.02
2MASS J04441479+0543573,2MASS J04441479+0543573,71.0616,5.7326,2500,1.48,4.0,-3.11,0.02
PSO J071.4708+36.4930,2MASS J04455300+3629369,71.4707,36.4934,1700,0.7,5.5,-4.46,0.13
2MASSI J0445538-304820,2MASS J04455387-3048204,71.4746,-30.8057,1800,1.3,5.5,-3.79,0.02
WISE J044633.45-242956.8,2MASS J04463362-2430014,71.6399,-24.5002,1900,0.58,5.5,-4.42,0.13
Hya09,2MASS J04463535+1451261,71.6473,14.8572,1700,1.12,5.5,-4.04,0.07
PSO J071.8769-12.2713,2MASS J04473039-1216155,71.8767,-12.271,1400,1.14,5.5,-4.36,0.16
2MASS J04474307-1936045,2MASS J04474307-1936045,71.9295,-19.6013,1800,1.35,5.0,-3.78,0.21
WISEPA J044853.29-193548.5,WISE J044853.28-193548.6,72.2194,-19.5987,1000,0.7,5.5,-5.37,0.07
2MASSI J0451009-340214,2MASS J04510093-3402150,72.7539,-34.0375,1800,1.56,5.5,-3.63,0.02
2MASSI J0453264-175154,2MASS J04532647-1751543,73.3603,-17.8651,1800,1.18,5.5,-3.88,0.03
WISEPA J050003.05-122343.2,WISEP J050003.05-122343.2,75.0146,-12.397,600,0.98,5.5,-5.95,0.15
2MASS J05002100+0330501,2MASS J05002100+0330501,75.0875,3.5139,1800,0.99,5.0,-4.03,0.02
2MASS J05012406-0010452,2MASS J05012406-0010452,75.3504,-0.1793,1700,1.09,4.5,-4.05,0.02
PSO J075.4182-17.8327,Null,75.4182,-17.8327,2400,1.81,3.5,-3.01,0.03
2MASSI J0502134+144236,2MASS J05021345+1442367,75.556,14.7102,1900,2.25,5.5,-3.24,0.02
PSO J076.7092+52.6087,2MASS J05065012+5236338,76.7089,52.6094,1100,0.97,4.0,-4.91,0.06
PSO J077.1034+24.3810,2MASS J05082480+2422518,77.1034,24.381,1800,1.41,5.5,-3.72,0.09
LSR J0510+2713,LSR J0510+2713,77.5837,27.2339,2700,1.22,5.0,-3.15,0.02
2MASS J05103520-4208140,2MASS J05103524-4208146,77.647,-42.1374,1100,0.85,5.5,-5.02,0.05
2MASSI J0512063-294954,2MASS J05120636-2949540,78.0265,-29.8316,1700,0.92,4.5,-4.22,0.05
PSO J078.9904+31.0171,PSO J078.9904+31.0171,78.9903,31.0172,1800,1.13,5.5,-3.91,0.23
2MASS J05160945-0445499,2MASS J05160945-0445499,79.0392,-4.764,1000,1.36,4.0,-4.77,0.07
2MASS J05161597-3332046,2MASS J05161597-3332046,79.0666,-33.5346,1800,0.86,5.0,-4.16,0.07
2MASS J05170548-4154413,Gaia DR2 4806828785235308544,79.2728,-41.9115,2300,1.68,4.0,-3.14,0.02
2MASS J05173766-3349027,LEHPM 2-183,79.4071,-33.8175,2300,1.49,4.0,-3.27,0.02
2MASS J05184616-2756457,2MASSI J0518461-275645,79.6924,-27.946,1700,2.28,5.5,-3.41,0.04
WISE J052126.29+102528.4,2MASS J05212615+1025328,80.3571,10.4267,800,0.99,3.5,-5.43,0.06
UGPS J052127.27+364048.6,UGPS J052127.27+364048.6,80.3622,36.6834,700,0.62,4.5,-6.08,0.08
PSO J080.3940+23.0999,Gaia DR3 3416336838301404672,80.394,23.1003,2300,1.44,3.5,-3.29,0.04
WISEPA J052536.33+673952.3,WISE J052536.35+673952.6,81.4033,67.6647,900,0.83,5.5,-5.39,0.15
2MASS J05264348-4455455,DENIS J052643.4-445545,81.6812,-44.9293,1800,1.9,5.5,-3.46,0.02
WISE J052857.68+090104.4,WISE J052857.68+090104.4,82.2405,9.018,1800,1.21,5.5,-3.85,0.22
2MASS J05341594-0631397,2MASS J05341594-0631397,83.5665,-6.5277,2500,3.1,3.5,-2.46,0.2
2MASS J05345844-1511439,SIPS J0534-1511,83.7435,-15.1955,2400,0.92,3.5,-3.6,0.02
2MASS J05361998-1920396,2MASSI J0536199-192039,84.0833,-19.3444,1700,1.77,4.5,-3.63,0.07
HIP 26653B,2MASS J05394952+5253597,84.9564,52.8999,1800,1.22,5.5,-3.84,0.02
SDSSp J053951.99-005902.0,SIPS J0539-0059,84.9667,-0.9837,1800,0.77,5.5,-4.25,0.02
2MASS J05441150-2433018,2MASS J05441150-2433018,86.048,-24.5507,2500,1.19,4.0,-3.3,0.02
2MASS J05445741+3705039,2MASS J05445741+3705039,86.2392,37.0845,1800,1.84,5.5,-3.5,0.02
WISE J054601.19-095947.5,2MASS J05460119-0959472,86.505,-9.9965,1100,0.87,5.5,-4.99,0.08
WISEA J055007.94+161051.9,2MASS J05500772+1610556,87.5323,16.1819,1700,1.21,5.5,-3.96,0.03
PSO J087.7749-12.6537,2MASS J05510608-1239130,87.7754,-12.6536,1600,0.79,5.5,-4.45,0.09
PSO J088.0452+43.2123,2MASS J05521084+4312451,88.0452,43.2125,1700,0.95,5.5,-4.17,0.07
PSO J088.3324-24.4439,PSO J088.3324-24.4439,88.3323,-24.4438,2300,0.91,3.5,-3.69,0.07
PSO J088.5709-00.1430,2MASS J05541699-0008334,88.5709,-0.1426,1200,1.16,4.5,-4.6,0.09
PSO J089.1751-09.4513,PSO J089.1751-09.4513,89.1754,-9.4509,1100,0.84,4.5,-5.06,0.06
2MASS J05591914-1404488,2MASS J05591914-1404488,89.8299,-14.0803,1200,1.18,5.0,-4.58,0.03
2MASS J06020638+4043588,2MASS J06020638+4043588,90.5265,40.733,1200,0.67,5.0,-5.08,0.05
LSR J0602+3910,LSR J0602+3910,90.6269,39.1829,1800,1.56,5.5,-3.63,0.02
2MASS J06050196-2342270,2MASSI J0605019-234226,91.2582,-23.7075,1900,1.43,5.5,-3.63,0.02
WISEP J060738.65+242953.4,2MASS J06073908+2429574,91.9126,24.4991,1500,0.65,5.5,-4.7,0.06
WISEA J060742.13+455037.0,2MASS J06074202+4550435,91.9251,45.8453,1800,1.02,5.5,-4.01,0.03
2MASS J06085283-2753583,DENIS J060852.8-275358,92.2201,-27.8995,2200,2.09,3.5,-3.06,0.02
HD 253662B,2MASS J06135342+1514062,93.4726,15.235,1800,2.38,5.5,-3.26,0.02
SIPS J0614-2019,SIPS J0614-2019,93.5499,-20.3218,1800,1.3,5.5,-3.79,0.02
WISE J061437.73+095135.0,2MASS J06143845+0951408,93.6563,9.8602,900,0.85,3.5,-5.37,0.06
2MASS J06143818+3950357,2MASS J06143818+3950357,93.6591,39.8432,1400,0.71,5.0,-4.76,0.07
DENIS-P J0615493-010041,DENIS J061549.3-010041,93.9557,-1.0116,1900,1.32,5.5,-3.7,0.02
WISEPA J062309.94-045624.6,WISE J062309.94-045624.6,95.7941,-4.9406,700,0.89,5.5,-5.77,0.11
WISE J062442.37+662625.6,2MASS J06244172+6626309,96.174,66.442,1900,1.37,5.5,-3.67,0.02
2MASS J06244595-4521548,2MASS J06244595-4521548,96.1914,-45.3652,1800,0.68,5.0,-4.36,0.02
SDSS J062621.22+002934.2,2MASS J06262121+0029341,96.5884,0.4928,1900,1.37,5.5,-3.66,0.08
WISEPA J062720.07-111428.8,2MASS J06272007-1114241,96.8337,-11.2401,1000,1.0,4.0,-5.04,0.06
LSPM J0632+5053B,2MASS J06324849+5053351,98.2021,50.8931,1800,1.43,5.5,-3.71,0.07
PSO J098.2822-23.2845,Null,98.2823,-23.2848,1400,0.69,5.5,-4.78,0.12
2MASS J06411840-4322329,SIPS J0641-4322,100.3268,-43.3757,1800,1.3,5.5,-3.79,0.02
WISE J064205.58+410155.5,2MASS J06420559+4101599,100.5233,41.0331,1400,0.66,4.0,-4.83,0.09
2MASS J06431685-1843375,2MASS J06431685-1843375,100.8203,-18.7271,1800,2.2,5.5,-3.32,0.02
PSO J101.8428+39.7462,PSO J101.8428+39.7462,101.8428,39.7463,2300,1.0,3.5,-3.6,0.08
HIP 32728B,2MASS J06493041+3626276,102.3768,36.4409,2700,1.02,5.0,-3.31,0.02
DENIS-P J0652197-253450,DENIS J065219.7-253450,103.0823,-25.5807,2300,1.02,3.5,-3.59,0.02
2MASSI J0652307+471034,2MASS J06523073+4710348,103.128,47.1764,1800,0.78,5.0,-4.23,0.02
SDSS J065405.63+652805.4,2MASS J06540564+6528051,103.5235,65.4681,1700,0.85,5.5,-4.26,0.13
WISEPA J065609.60+420531.0,2MASS J06560926+4205301,104.039,42.0916,1200,0.93,5.5,-4.78,0.08
ESO 207-61,Ruiz 207-61,106.972,-49.014,2500,1.01,4.5,-3.45,0.02
2MASSW J0708213+295035,2MASSW J0708213+295035,107.089,29.843,1800,0.73,5.0,-4.3,0.13
PSO J108.4590+38.2086,2MASS J07135018+3812312,108.4591,38.2087,1700,0.61,4.5,-4.56,0.13
WISEA J071552.38-114532.9,2MASS J07155182-1145284,108.9661,-11.758,1800,0.94,5.5,-4.08,0.02
DENIS-P J0716478-063037,2MASS J07164790-0630369,109.1996,-6.5103,1800,1.52,5.5,-3.65,0.02
PSO J109.4864+46.5278,PSO J109.4864+46.5278,109.4863,46.528,1800,0.55,5.5,-4.55,0.11
UGPS J072227.51-054031.2,[BGM2011b] J072227.28-054030.0,110.6164,-5.6761,600,0.61,4.0,-6.38,0.11
2MASS J07231462+5727081,2MASS J07231462+5727081,110.8109,57.4522,1800,1.58,5.5,-3.62,0.02
2MASSI J0727182+171001,2MASSI J0727182+171001,111.8265,17.1665,900,0.84,4.5,-5.39,0.05
2MASS J07290002-3954043,2MASS J07290002-3954043,112.2501,-39.9008,600,1.65,4.0,-5.49,0.12
SDSS J073519.59+410850.4,2MASS J07351967+4108510,113.8318,41.1474,2500,0.89,4.0,-3.55,0.04
2MASS J07354882+2720167,2MASS J07354882+2720167,113.9534,27.3379,1900,1.21,5.5,-3.77,0.06
SDSS J073922.26+661503.5,2MASS J07392203+6615039,114.8419,66.2511,1300,0.95,5.5,-4.64,0.12
2MASSW J0740096+321203,2MASSW J0740096+321203,115.0402,32.2008,1800,0.86,5.0,-4.15,0.22
PSO J115.0659+59.0473,2MASS J07401580+5902504,115.066,59.0473,2300,1.06,4.0,-3.55,0.08
2MASS J07410404-0359495,2MASS J07410404-0359495,115.2668,-3.9971,2400,0.82,3.5,-3.7,0.02
SDSS J074149.15+235127.5,2MASS J07414920+2351275,115.4549,23.8578,1100,0.62,5.0,-5.3,0.05
2MASS J07415784+0531568,2MASS J07415784+0531568,115.491,5.5325,1800,1.3,5.5,-3.79,0.02
SDSS J074201.41+205520.5,2MASS J07420130+2055198,115.505,20.9221,1100,0.76,4.5,-5.12,0.05
SDSS J074756.31+394732.9,2MASS J07475631+3947329,116.9847,39.7924,1800,1.88,5.5,-3.46,0.03
PSO J117.0600-01.6779,PSO J117.0600-01.6779,117.0615,-1.6767,1000,1.06,4.0,-4.99,0.09
SDSS J074838.61+174332.9,2MASS J07483864+1743329,117.161,17.7259,1800,0.71,5.0,-4.32,0.12
SDSS J075054.74+445418.7,2MASS J07505479+4454205,117.7282,44.9056,2500,0.88,4.0,-3.56,0.02
DENIS-P J0751164-253043,DENIS J075116.4-253043,117.8183,-25.512,1900,1.35,5.5,-3.68,0.02
2MASSI J0753321+291711,2MASSI J0753321+291711,118.384,29.2866,1700,1.58,5.5,-3.72,0.04
NLTT 18587B,SDSS J075413.28+372143.3,118.5552,37.362,2500,0.96,4.0,-3.48,0.02
2MASSI J0755480+221218,2MASSI J0755480+221218,118.9496,22.2048,1100,0.8,5.0,-5.07,0.05
SDSS J075752.70+091410.0,2MASS J07575274+0914103,119.4698,9.2362,1700,1.07,5.5,-4.07,0.07
HIP 38939B,2MASS J07580132-2538587,119.5057,-25.6499,1200,0.76,5.0,-4.97,0.03
SDSS J075840.33+324723.4,2MASS J07584037+3247245,119.6681,32.79,1400,0.67,5.5,-4.81,0.06
SDSS J080048.13+465825.5,2MASS J08004815+4658256,120.2006,46.9738,1800,1.4,5.5,-3.72,0.04
2MASSW J0801405+462850,2MASSW J0801405+462850,120.4189,46.4803,1700,0.83,5.5,-4.29,0.14
2MASS J08041429+0330474,2MASS J08041429+0330474,121.0595,3.5132,2300,1.49,4.0,-3.26,0.02
WISE J080700.23+413026.8,2MASS J08070024+4130305,121.7511,41.5084,1700,0.59,5.5,-4.58,0.06
SDSS J080959.01+443422.2,2MASS J08095903+4434216,122.4948,44.5719,1700,0.69,5.0,-4.45,0.07
NLTT 19109B,2MASS J08115898-0857597,122.9958,-8.9665,2500,0.87,4.0,-3.57,0.02
SDSS J081757.49+182405.0,2MASS J08175749+1824048,124.4895,18.4014,1900,1.4,5.5,-3.65,0.02
SDSS J081812.28+331048.2,2MASS J08181234+3310479,124.5513,33.18,1900,1.27,5.5,-3.74,0.08
2MASS J08194602+1658539,2MASS J08194602+1658539,124.9417,16.9816,2400,1.08,3.5,-3.46,0.02
WISEPA J081958.05-033529.0,2MASS J08195820-0335266,124.9924,-3.5908,1200,0.96,4.0,-4.76,0.04
2MASSW J0820299+450031,2MASSW J0820299+450031,125.1249,45.0087,1700,0.95,4.5,-4.17,0.11
SDSS J082030.12+103737.0,2MASS J08203013+1037372,125.1257,10.627,1400,0.87,3.5,-4.56,0.24
WISEPA J082131.63+144319.3,2MASS J08213173+1443231,125.3821,14.7228,1100,0.83,4.5,-5.04,0.09
2MASS J08230838+6125208,2MASS J08230838+6125208,125.7847,61.4224,1700,1.29,5.5,-3.9,0.03
2MASS J08234818+2428577,2MASS J08234818+2428577,125.9507,24.4827,1700,1.15,5.5,-4.0,0.03
2MASSI J0825196+211552,2MASSI J0825196+211552,126.3317,21.2643,1700,0.57,4.5,-4.63,0.02
SDSS J082642.65+193922.0,2MASS J08264262+1939224,126.6776,19.6562,2400,0.98,3.5,-3.55,0.02
SSSPM J0829-1309,SSSPM J0829-1309,127.1424,-13.1555,1800,1.29,5.5,-3.8,0.02
2MASSW J0829066+145622,2MASSI J0829066+145622,127.2776,14.9395,1800,1.19,5.5,-3.87,0.02
LHS 248,G  51-15,127.4556,26.776,2700,1.29,5.0,-3.1,0.02
PSO J127.4696+10.5777,PSO J127.4696+10.5777,127.4697,10.5778,1800,1.51,5.0,-3.65,0.08
2MASSW J0829570+265510,2MASSW J0829570+265510,127.4878,26.9195,1700,0.69,4.5,-4.46,0.22
SDSSp J083008.12+482847.4,2MASS J08300825+4828482,127.534,48.4799,1400,0.7,3.5,-4.75,0.09
PSO J127.5648-11.1861,2MASS J08301554-1111101,127.5648,-11.1861,1300,0.92,4.5,-4.66,0.09
LHS 2021,LP  485-17,127.6357,9.7876,2500,1.33,4.5,-3.21,0.02
SDSS J083048.80+012831.1,2MASS J08304878+0128311,127.7034,1.4754,1100,0.99,4.5,-4.89,0.11
2MASS J08315598+1025417,2MASS J08315598+1025417,127.9833,10.4283,2400,1.2,3.5,-3.37,0.02
2MASSW J0832045-012835,2MASSW J0832045-012835,128.0188,-1.4767,1800,1.38,5.5,-3.74,0.02
WISE J083450.79+642526.8,2MASS J08345101+6425295,128.7124,64.4248,2500,0.96,4.0,-3.49,0.04
SDSS J083506.16+195304.4,2MASS J08350622+1953050,128.7759,19.8847,1800,0.76,5.0,-4.25,0.12
2MASS J08352366+1029318,2MASS J08352366+1029318,128.8486,10.4922,2500,1.18,4.5,-3.31,0.02
2MASSI J0835425-081923,2MASS J08354256-0819237,128.9272,-8.3232,1700,0.87,4.5,-4.24,0.02
SDSS J083545.33+222430.9,2MASS J08354537+2224310,128.939,22.4086,2400,1.2,4.0,-3.38,0.05
2MASS J08355829+0548308,ULAS2MASS J0835+0548,128.9929,5.8086,1800,1.82,5.5,-3.5,0.02
SDSS J083621.98+494931.5,2MASS J08362199+4949312,129.0917,49.8255,2300,1.09,4.0,-3.53,0.04
SDSS J083646.35+052642.6,2MASS J08364635+0526426,129.1932,5.4452,1900,2.21,5.5,-3.25,0.02
SDSSp J083717.22-000018.3,SDSS J083717.21-000018.0,129.3215,-0.0051,1400,0.78,5.5,-4.69,0.1
2MASS J08391608+1253543,2MASS J08391608+1253543,129.817,12.8984,2400,1.5,3.5,-3.18,0.02
SDSS J084016.42+543002.1,2MASS J08401643+5430019,130.0685,54.5006,2300,0.84,3.5,-3.76,0.06
LHS 2034,V* AZ Cnc,130.1237,18.4024,2700,1.32,5.0,-3.08,0.02
SDSS J084106.85+603506.3,2MASS J08410686+6035067,130.2785,60.5852,1800,1.3,5.5,-3.78,0.09
SDSS J084307.95+314129.2,2MASS J08430796+3141297,130.7831,31.6915,1800,1.48,5.5,-3.68,0.08
SDSS J084333.28+102443.5,2MASS J08433323+1024470,130.8885,10.4131,1900,1.11,5.5,-3.85,0.02
2MASSI J0847287-153237,SIPS J0847-1532,131.8698,-15.5437,1800,1.37,5.5,-3.75,0.02
SDSS J084751.48+013811.0,2MASS J08475148+0138110,131.9645,1.6364,1700,1.01,5.5,-4.11,0.07
SDSS J085116.20+181730.0,2MASS J08511627+1817302,132.8178,18.2917,1800,0.69,5.0,-4.34,0.07
WISEA J085224.36+513925.5,2MASS J08522440+5139319,133.1016,51.6587,2700,1.16,3.5,-3.17,0.02
SDSS J085234.90+472035.0,2MASS J08523490+4720359,133.1454,47.3431,1800,0.54,5.5,-4.58,0.07
LHS 2065,LP  666-9,133.4007,-3.4923,1800,1.86,5.5,-3.47,0.02
PSO J133.8302+06.0160,2MASS J08551923+0600579,133.8301,6.0161,2400,1.38,3.5,-3.24,0.2
SDSSp J085758.45+570851.4,2MASS J08575849+5708514,134.4936,57.1476,1700,0.75,4.5,-4.38,0.02
SDSS J085834.42+325627.7,2MASS J08583467+3256275,134.643,32.9407,1400,0.83,3.5,-4.6,0.12
SDSS J085836.98+271050.8,2MASS J08583693+2710518,134.6539,27.1811,1800,2.11,5.5,-3.37,0.05
2MASSI J0859254-194926,2MASSI J0859254-194926,134.856,-19.824,1500,0.75,5.0,-4.61,0.08
2MASS J08593854+6341355,2MASS J08593854+6341355,134.9106,63.6932,1800,1.55,5.5,-3.63,0.02
2MASS J08594029+1145325,2MASS J08594029+1145325,134.9179,11.759,1900,1.8,5.5,-3.43,0.02
PSO J135.0395+32.0845,2MASS J09000957+3205045,135.0399,32.0846,1800,1.81,5.5,-3.49,0.08
LP 368-128,LP  368-128,135.0981,21.8347,2700,1.31,5.0,-3.09,0.02
SDSS J090023.68+253934.3,2MASS J09002367+2539345,135.0987,25.6596,1800,0.76,5.5,-4.26,0.12
WISEA J090258.99+670833.1,2MASS J09025921+6708355,135.7469,67.1431,1600,0.76,4.0,-4.46,0.21
PSO J135.7840+16.9932,2MASS J09030814+1659358,135.784,16.9933,1800,0.98,5.5,-4.06,0.23
ULAS J090521.61+100654.9,PSO J136.3401+10.1151,136.3401,10.1156,1400,0.67,5.5,-4.8,0.13
2MASS J09054654+5623117,2MASS J09054654+5623117,136.4439,56.3866,1800,0.85,5.0,-4.18,0.03
PSO J136.5380-14.3267,PSO J136.5380-14.3267,136.5389,-14.3272,1200,0.9,5.5,-4.81,0.11
PSO J136.5494-06.1944,2MASS J09061182-0611397,136.5493,-6.1944,1900,1.15,5.5,-3.82,0.02
2MASSI J0908380+503208,2MASS J09083803+5032088,137.1584,50.5356,1800,0.52,5.5,-4.6,0.02
SDSS J090900.73+652527.2,2MASS J09090085+6525275,137.2538,65.4244,1300,0.66,5.5,-4.94,0.07
SDSS J090948.13+194043.9,2MASS J09094822+1940428,137.4509,19.6786,1800,1.58,5.5,-3.61,0.03
DENIS-P J090957.1-065806,DENIS J090957.1-065806,137.4895,-6.9718,1800,1.6,5.5,-3.61,0.02
PSO J138.1887-06.9862,Null,138.189,-6.986,2400,1.26,3.5,-3.32,0.03
2MASS J09161504+2139512,2MASS J09161504+2139512,139.0625,21.6642,2400,0.95,4.0,-3.57,0.02
WISEA J091657.18-112104.7,2MASS J09165708-1120597,139.2379,-11.3501,2400,0.91,4.0,-3.6,0.02
2MASS J09175418+6028065,2MASS J09175418+6028065,139.4757,60.4685,1700,0.8,5.0,-4.32,0.12
PSO J139.5493+39.0380,2MASS J09181190+3902168,139.5495,39.0379,1800,0.96,5.5,-4.06,0.07
2MASSW J0918382+213406,2MASSW J0918382+213406,139.6592,21.5682,1700,0.83,5.5,-4.28,0.14
WISE J092055.40+453856.3,2MASS J09205549+4539058,140.2312,45.6514,1800,0.45,5.5,-4.73,0.03
2MASS J09211410-2104446,SIPS J0921-2104,140.3088,-21.079,2300,0.74,4.0,-3.87,0.02
SDSS J092308.70+234013.7,2MASS J09230861+2340152,140.7859,23.671,2300,0.9,5.0,-3.7,0.02
2MASSW J0928397-160312,2MASSW J0928397-160312,142.1654,-16.0535,1700,1.31,5.5,-3.89,0.03
SDSS J093113.23+280227.1,2MASS J09311309+2802289,142.8047,28.0412,1900,1.06,5.5,-3.88,0.03
2MASS J09312823+0528223,LP  548-1,142.8676,5.4729,2600,1.33,4.0,-3.14,0.02
SDSS J093237.47+672514.5,2MASS J09323750+6725153,143.1562,67.4209,2300,0.85,4.0,-3.74,0.04
NLTT 22073B,SIPS J0933-2752,143.4055,-27.8792,2500,0.91,3.5,-3.53,0.02
PSO J143.6774-29.8356,2MASS J09344258-2950074,143.6774,-29.8354,2300,0.86,4.0,-3.75,0.07
2MASSI J0937347+293142,2MASSI J0937347+293142,144.3952,29.5282,900,0.87,5.5,-5.34,0.06
2MASS J09384022-2748184,SIPS J0938-2748,144.6676,-27.8051,2600,1.23,4.0,-3.2,0.02
SDSS J093858.88+044343.9,2MASS J09385888+0443438,144.7453,4.7288,2400,1.16,3.5,-3.39,0.03
2MASS J09393548-2448279,2MASS J09393548-2448279,144.8979,-24.8077,600,1.29,5.5,-5.73,0.16
SDSS J094047.88+294653.0,2MASS J09404793+2946534,145.1996,29.7815,1800,1.84,5.5,-3.48,0.05
SDSS J094134.92+100942.0,2MASS J09413492+1009428,145.3955,10.1619,2300,1.38,4.0,-3.32,0.02
TVLM 262-111511,TVLM 262-111511,145.594,42.7598,2500,1.11,4.0,-3.37,0.02
2MASSW J0944027+313132,2MASSW J0944027+313132,146.0116,31.5258,1800,1.16,5.5,-3.89,0.04
PSO J146.0144+05.1319,2MASS J09440344+0507550,146.0144,5.132,1800,1.63,5.5,-3.6,0.22
2MASS J09474477+0224327,2MASS J09474477+0224327,146.9366,2.4091,2500,1.42,4.0,-3.15,0.02
2MASS J09490860-1545485,2MASS J09490860-1545485,147.2859,-15.7635,1400,0.83,4.5,-4.62,0.1
LHS 2195,LP  548-37,147.3426,8.1125,2500,1.06,4.5,-3.41,0.02
PSO J147.5092-27.6337,2MASS J09500220-2738011,147.5092,-27.6336,1900,1.38,5.5,-3.66,0.06
LP 261-75B,LP  261-75 B,147.773,35.9671,1600,0.76,5.5,-4.47,0.06
TVLM 262-70502,TVLM 262-70502,147.9488,42.564,2700,1.27,5.0,-3.11,0.02
PSO J149.0341-14.7857,2MASS J09560810-1447065,149.0339,-14.7853,1300,0.76,4.0,-4.83,0.06
PSO J149.1907-19.1730,2MASS J09564583-1910227,149.191,-19.173,1800,1.05,5.5,-3.98,0.03
WISEA J095729.41+462413.5,2MASS J09572983+4624177,149.3743,46.4048,1700,0.88,4.5,-4.24,0.14
2MASS J09593276+4523309,2MASS J09593276+4523309,149.8865,45.3919,1600,1.45,4.0,-3.9,0.08
2MASS J10031918-0105079,LP  609-24,150.8298,-1.0856,2600,1.18,5.0,-3.25,0.02
G 196-3B,G 196-3B,151.086,50.3832,1700,1.24,4.5,-3.95,0.02
2MASSW J1004392-333518,2MASSW J1004392-333518,151.1638,-33.5886,1700,1.08,5.5,-4.06,0.03
SDSS J100711.74+193056.2,2MASS J10071185+1930563,151.7994,19.5155,1800,0.38,5.5,-4.88,0.04
2MASS J10073369-4555147,2MASS J10073369-4555147,151.8906,-45.9207,1000,0.9,4.5,-5.12,0.05
PSO J152.2977+15.9912,2MASS J10091160+1559289,152.2983,15.9912,1900,1.17,5.5,-3.81,0.07
WISE J100926.40+354137.5,2MASS J10092633+3541415,152.3598,35.6947,2400,1.15,3.5,-3.41,0.03
2MASSI J1010148-040649,2MASS J10101480-0406499,152.5615,-4.1139,1800,0.58,5.0,-4.48,0.06
TVLM 263-71765,TVLM 263-71765,152.751,42.7509,2600,1.26,5.0,-3.18,0.02
NLTT 23716B,2MASS J10131700-0601197,153.3209,-6.0222,2500,0.98,4.5,-3.47,0.02
PSO J153.7969-11.3631,Null,153.7971,-11.363,1900,1.41,5.5,-3.64,0.06
2MASS J10163470+2751497,LP  315-53,154.1445,27.8636,2600,1.39,4.0,-3.1,0.02
SDSS J101742.51+431057.9,2MASS J10174252+4310584,154.4271,43.1828,1800,1.4,5.5,-3.72,0.04
2MASSW J1018588-290953,SIPS J1018-2909,154.7449,-29.1649,1800,1.52,5.5,-3.65,0.02
DENIS J1019245-270717,SIPS J1019-2707,154.8518,-27.1214,2400,0.89,4.0,-3.63,0.02
PSO J154.9622+04.8279,2MASS J10195117+0449444,154.9631,4.829,1800,0.85,5.5,-4.17,0.13
TVLM 213-2005,TVLM 213-2005,155.3641,50.9179,2600,1.19,5.0,-3.24,0.02
2MASS J10213232-2044069,SIPS J1021-2044,155.3846,-20.7353,2400,1.02,3.5,-3.5,0.02
SDSS J102204.88+020047.5,2MASS J10220489+0200477,155.5204,2.0133,1800,1.7,5.5,-3.55,0.02
HD 89744B,2MASS J10221489+4114266,155.562,41.2407,1800,1.59,5.5,-3.61,0.03
2MASS J10224821+5825453,2MASS J10224821+5825453,155.7009,58.4293,1800,1.41,5.5,-3.72,0.02
WISEA J102304.04+155616.4,2MASS J10230417+1556241,155.7672,15.9397,2500,0.89,4.5,-3.55,0.02
SDSS J102552.43+321234.0,2MASS J10255227+3212349,156.4681,32.2097,1800,0.46,5.0,-4.7,0.03
2MASSI J1029216+162652,2MASSI J1029216+162652,157.3404,16.4478,1700,1.23,5.5,-3.95,0.03
ULAS J102940.52+093514.6,ULAS J102940.52+093514.6,157.4201,9.5877,500,2.43,3.5,-5.44,0.12
SDSS J102947.68+483412.2,2MASS J10294770+4834128,157.4487,48.5701,2400,0.97,3.5,-3.55,0.07
SDSS J103026.78+021306.4,SDSS J103026.78+021306.4,157.6117,2.2185,1800,0.71,5.0,-4.31,0.13
2MASS J10315064+3349595,2MASS J10315064+3349595,157.9609,33.8332,1700,1.43,5.5,-3.83,0.07
PSO J158.1597+05.2231,PSO J158.1597+05.2231,158.1603,5.2234,1900,1.17,5.5,-3.8,0.23
SDSS J103309.11+121626.0,2MASS J10330903+1216265,158.2878,12.274,1800,1.63,5.5,-3.59,0.03
SDSS J103321.92+400549.5,2MASS J10332186+4005499,158.3412,40.0973,1800,0.76,5.5,-4.25,0.13
SDSS J103405.67+035016.3,2MASS J10340564+0350164,158.5235,3.8379,1800,1.89,5.5,-3.46,0.03
2MASSW J1035245+250745,2MASSW J1035246+250745,158.8522,25.1291,1800,1.4,5.5,-3.72,0.02
HIP 51877B,2MASS J10355478+3655420,158.9781,36.9283,1800,1.72,5.5,-3.54,0.04
WISEA J103602.80+030615.6,2MASS J10360307+0306160,159.0129,3.1044,1800,0.98,5.5,-4.04,0.06
PSO J159.0433-27.6357,2MASS J10361043-2738055,159.0434,-27.6349,1800,1.44,5.5,-3.71,0.23
2MASSW J1036530-344138,2MASSW J1036530-344138,159.2211,-34.694,1800,0.48,5.5,-4.68,0.03
PSO J159.2399-26.3885,2MASS J10365759-2623188,159.24,-26.3886,1400,1.72,5.5,-4.0,0.17
WISE J103907.73-160002.9,WISE J103907.73-160002.9,159.783,-16.0003,800,1.28,5.0,-5.21,0.07
SDSS J103931.35+325625.5,2MASS J10393137+3256263,159.8807,32.9406,1400,1.13,5.5,-4.35,0.1
PSO J160.0416-21.3281,2MASS J10401018-2119405,160.0423,-21.3279,1400,0.82,5.5,-4.62,0.15
2MASS J10430758+2225236,2MASSI J1043075+222523,160.7815,22.4234,1400,0.93,4.0,-4.53,0.1
SDSS J104335.08+121314.1,2MASS J10433508+1213149,160.8962,12.2208,1500,0.65,5.5,-4.71,0.07
SDSS J104409.43+042937.6,2MASS J10440942+0429376,161.0393,4.4938,1500,1.19,5.5,-4.17,0.1
2MASS J10461875+4441149,2MASS J10461875+4441149,161.5783,44.6874,1800,1.02,5.5,-4.01,0.04
DENIS-P J104731.1-181558,DENIS J104731.1-181558,161.8794,-18.266,1900,1.35,5.5,-3.68,0.02
2MASSI J1047538+212423,2MASSW J1047539+212423,161.9735,21.4063,1000,0.7,5.5,-5.36,0.06
PSO J162.0614+13.9756,2MASS J10481476+1358341,162.0614,13.976,1800,0.78,5.5,-4.24,0.13
SDSS J104829.21+091937.8,2MASS J10482926+0919373,162.122,9.3269,1300,0.78,5.5,-4.79,0.11
SDSS J104842.84+011158.5,LSPM J1048+0111,162.1784,1.1995,1800,1.47,5.5,-3.67,0.02
SDSS J104922.45+012559.2,2MASS J10492244+0125593,162.3435,1.4331,1800,0.76,5.0,-4.26,0.13
2MASS J10511900+5613086,2MASS J10511900+5613086,162.8291,56.2191,1800,1.35,5.5,-3.76,0.02
SDSS J105151.25+131116.3,2MASS J10515129+1311164,162.9636,13.1879,1800,2.81,5.5,-3.12,0.07
WISE J105257.95-194250.2,WISE J105257.95-194250.2,163.2405,-19.7132,800,0.88,4.5,-5.53,0.06
2MASS J10554733+0808427,LSPM J1055+0808,163.9473,8.1453,2400,1.17,3.5,-3.4,0.02
Wolf 359,Wolf  359,164.1205,7.0147,2700,1.46,4.5,-2.97,0.02
DENIS-P J1058.7-1548,SIPS J1058-1548,164.6993,-15.8048,1700,1.21,5.5,-3.95,0.03
2MASS J10595185+3042059,2MASS J10595185+3042059,164.9658,30.7012,1200,0.97,4.5,-4.75,0.07
2MASS J11000965+4957470,2MASS J11000965+4957470,165.0402,49.963,1800,0.98,5.0,-4.04,0.02
SSSPM J1102-3431,TWA 28,165.541,-34.5099,2400,2.98,3.5,-2.58,0.02
2MASSI J1104012+195921,2MASS J11040127+1959217,166.0053,19.9894,2000,0.78,5.0,-4.12,0.02
LHS 2351,LP  551-63,166.5791,4.4757,2600,1.24,4.0,-3.2,0.02
PSO J167.1132+08.6331,2MASS J11082735+0838026,167.114,8.6341,1700,0.6,5.5,-4.59,0.13
SDSSp J111010.01+011613.1,2MASS J11101001+0116130,167.5417,1.2702,1000,1.08,4.0,-5.02,0.05
PSO J168.1800-27.2264,PSO J168.1800-27.2264,168.1805,-27.2259,1400,0.72,5.0,-4.74,0.12
SDSS J111320.16+343057.9,2MASS J11132009+3430582,168.3339,34.5161,1700,1.06,5.5,-4.07,0.07
2MASS J11145133-2618235,2MASS J11145133-2618235,168.7131,-26.3066,700,0.83,5.5,-5.82,0.1
NLTT 26746B,2MASS J11150150+1607026,168.7561,16.1174,1800,0.93,5.5,-4.09,0.02
2MASS J11181292-0856106,2MASS J11181292-0856106,169.5539,-8.9363,1800,0.65,5.5,-4.39,0.05
2MASS J11191046+0552484,2MASS J11191046+0552484,169.7936,5.8801,1800,0.86,5.0,-4.15,0.23
SDSS J112118.57+433246.5,2MASS J11211858+4332464,170.3274,43.5462,2000,0.58,5.5,-4.33,0.12
2MASS J11220826-3512363,2MASS J11220826-3512363,170.5344,-35.2102,1300,0.84,5.5,-4.73,0.03
2MASSW J1122362-391605,2MASSW J1122362-391605,170.651,-39.2682,1800,0.96,5.0,-4.05,0.04
WISEPC J112254.73+255021.5,2MASS J11225550+2550250,170.7323,25.8403,1000,0.69,5.0,-5.38,0.05
2MASS J11240487+3808054,2MUCD 10984,171.0204,38.1348,2400,1.08,3.5,-3.47,0.02
WISE J112438.12-042149.7,2MASS J11243854-0421504,171.1602,-4.3638,900,0.94,4.0,-5.29,0.07
2MASS J11263991-5003550,DENIS J112639.9-500355,171.6658,-50.0652,1900,0.84,5.5,-4.1,0.02
SDSS J112647.03+581632.2,2MASS J11264705+5816325,171.6959,58.2757,2300,0.85,5.0,-3.75,0.03
NLTT 27966B,2MASS J11363969+4852400,174.1654,48.8778,1800,1.19,5.5,-3.87,0.02
PSO J174.6630-18.6530,2MASS J11383920-1839120,174.6632,-18.6533,2400,1.04,3.5,-3.49,0.08
TWA 26,TWA 26,174.9631,-31.9893,2300,3.04,3.5,-2.65,0.02
PSO J175.2003+16.1403,2MASS J11404806+1608255,175.2003,16.1404,1700,0.88,5.5,-4.24,0.14
2MASS J11414406-2232156,LEHPM 2-333,175.4335,-22.5375,2500,1.04,4.5,-3.42,0.02
PSO J175.8169-20.4072,PSO J175.8169-20.4072,175.817,-20.4068,1300,0.83,5.5,-4.74,0.12
ULAS J114340.47+061358.9,SDSS J114340.50+061358.8,175.9189,6.233,1100,0.95,4.0,-4.92,0.12
WISEA J114724.10-204021.3,TWA 41,176.8508,-20.6723,1600,1.18,3.0,-4.23,0.09
SDSS J114912.31-015300.6,SIPS J1149-0153,177.3013,-1.8835,2500,0.95,4.0,-3.5,0.02
PSO J178.1434-23.8603,Null,178.1435,-23.8603,1800,3.64,5.5,-2.91,0.22
2MASS J11533966+5032092,2MASS J11533966+5032092,178.4153,50.5359,1800,2.19,5.5,-3.34,0.02
LHS 2471,LP  553-59,178.4695,6.999,2700,1.32,5.0,-3.08,0.02
2MASS J11544223-3400390,2MASS J11544223-3400390,178.6759,-34.0109,1800,2.08,5.5,-3.39,0.03
2MASSW J1155395-372735,2MASS J11553952-3727350,178.9147,-37.4599,1800,1.21,5.5,-3.85,0.02
LP 851-346,LP  851-346,178.9285,-22.4163,2600,1.22,4.0,-3.21,0.02
SDSS J115553.86+055957.5,2MASS J11555389+0559577,178.9747,5.9994,1700,0.7,5.5,-4.44,0.08
PSO J179.2489+41.5121,Null,179.2496,41.5121,1600,0.58,4.0,-4.71,0.12
DENIS-P J1157480-484442,DENIS J115748.0-484442,179.4504,-48.7452,1900,1.49,5.5,-3.6,0.02
SDSS J115940.72+540938.6,2MASS J11594076+5409386,179.9198,54.1607,1800,2.22,5.5,-3.33,0.04
PSO J180.1475-28.6160,SIMP J1200358-283657,180.1494,-28.6159,1400,0.93,5.5,-4.5,0.12
2MASS J12022564-0629026,2MASS J12022564-0629026,180.6069,-6.4841,2400,1.31,3.5,-3.29,0.02
NLTT 29395B,2MASS J12030284+5806037,180.7618,58.101,2500,1.03,4.0,-3.42,0.03
SDSSp J120358.19+001550.3,2MASS J12035812+0015500,180.9922,0.2639,1800,0.93,5.5,-4.09,0.02
2MASSI J1204303+321259,2MASS J12043036+3212595,181.1265,32.2165,1800,1.57,5.5,-3.62,0.02
HIP 58918B,LSPM J1204+3437W,181.2183,34.623,2700,1.23,4.5,-3.11,0.02
SDSS J120602.51+281328.7,2MASS J12060248+2813293,181.5103,28.2247,1400,0.79,5.5,-4.67,0.09
SDSS J120610.49+624257.2,2MASS J12061050+6242572,181.5438,62.716,1800,1.39,5.5,-3.74,0.04
DENIS J1206501-393725,2MASS J12065011-3937261,181.7088,-39.6239,1900,1.2,5.5,-3.78,0.02
2MASS J12070374-3151298,2MASS J12070374-3151298,181.7655,-31.8583,1700,1.19,5.5,-3.98,0.07
2MASS J12073804-3909050,2MASS J12073804-3909050,181.9085,-39.1514,1800,1.63,5.5,-3.59,0.03
SDSS J120747.17+024424.8,2MASS J12074717+0244249,181.9466,2.7403,1400,1.06,5.5,-4.4,0.09
2MASS J12074836-3900043,TWA 40,181.9515,-39.0012,1800,2.02,5.5,-3.41,0.06
HIP 59310B,LSPM J1210+1858E,182.5412,18.969,2700,1.33,5.0,-3.07,0.02
PSO J182.6569-26.6197,2MASS J12103773-2637106,182.6573,-26.6197,1800,1.18,5.5,-3.88,0.07
2MASSI J1213033-043243,2MASS J12130336-0432437,183.2639,-4.5455,1800,0.8,5.5,-4.23,0.02
PSO J183.4547+40.7901,PSO J183.4547+40.7901,183.4554,40.7904,1200,0.91,4.0,-4.8,0.12
SDSS J121440.95+631643.4,2MASS J12144089+6316434,183.6706,63.2787,1200,0.73,5.0,-5.0,0.08
PSO J183.9318-09.7914,2MASS J12154368-0947289,183.932,-9.7914,1800,1.42,5.5,-3.72,0.07
2MASS J12154432-3420591,2MASS J12154430-3420594,183.9346,-34.3497,1200,0.89,5.5,-4.83,0.2
SDSS J121659.17+300306.3,2MASS J12165918+3003054,184.2465,30.0516,2000,0.82,5.0,-4.06,0.07
2MASSI J1217110-031113,2MASS J12171110-0311131,184.2958,-3.1869,800,1.16,4.5,-5.31,0.06
2MASS J12172372-0237369,2MASS J12172372-0237369,184.3489,-2.6269,1800,0.81,5.0,-4.19,0.07
HIP 59933B,2MASS J12173646+1427119,184.402,14.4534,1800,1.53,5.5,-3.64,0.02
SDSS J121951.45+312849.4,2MASS J12195156+3128497,184.9647,31.4804,1400,0.82,4.5,-4.62,0.1
2MASS J12212770+0257198,2MASS J12212770+0257198,185.3655,2.9555,1800,1.61,5.5,-3.6,0.02
WISE J122152.28-313600.8,2MASS J12215175-3136054,185.4657,-31.6014,1000,0.74,4.5,-5.31,0.05
NLTT 30510B,** DEA   78B,185.5767,36.7302,2300,0.93,4.0,-3.67,0.07
BRI B1222-1222,BR B1222-1221,186.2174,-12.6433,2400,1.1,3.5,-3.45,0.02
WISE J122558.86-101345.0,2MASS J12255900-1013413,186.4959,-10.2283,1000,1.24,4.5,-4.86,0.06
PSO J186.5342+21.8364,2MASS J12260821+2150112,186.5342,21.8365,2300,1.1,4.0,-3.51,0.08
2MASS J12304562+2827583,2MASS J12304562+2827583,187.6901,28.4662,1700,1.29,5.5,-3.91,0.09
2MASS J12312141+4959234,2MASSI J1231214+495923,187.8392,49.9898,1800,1.72,5.5,-3.55,0.03
2MASS J12314753+0847331,ULAS J123146.99+084725.8,187.9482,8.7924,1000,1.09,4.0,-4.97,0.06
2MASS J12373919+6526148,2MASS J12373919+6526148,189.4129,65.4373,900,0.84,5.5,-5.38,0.08
NLTT 31450B,2MASS J12394920+3209056,189.955,32.1515,1700,1.15,5.5,-4.01,0.03
TWA 29,TWA 29,191.309,-44.4855,2200,2.49,3.5,-2.89,0.03
SDSS J124555.66+490210.9,2MASS J12455566+4902105,191.4819,49.0363,2700,1.5,5.0,-2.97,0.08
2MASSW J1246467+402715,2MASSW J1246467+402715,191.6949,40.4542,1800,0.95,5.0,-4.07,0.02
2MASS J12474428-3816464,2MASS J12474428-3816464,191.9345,-38.2796,2300,2.07,3.5,-2.98,0.03
2MASS J12474944-1117551,2MASS J12474944-1117551,191.9561,-11.2987,2300,1.02,3.5,-3.58,0.06
SDSS J124908.66+415728.6,2MASS J12490872+4157286,192.2864,41.958,2300,0.98,3.5,-3.62,0.03
WISE J125015.56+262846.9,PSO J192.5647+26.4796,192.5664,26.4814,1000,0.74,4.0,-5.3,0.07
PSO J192.6717-21.8250,PSO J192.6717-21.8250,192.6721,-21.8248,1300,0.84,5.5,-4.74,0.12
WISE J125448.52-072828.4,WISE J125448.52-072828.4,193.7018,-7.4742,900,0.92,5.0,-5.3,0.07
SDSSp J125453.90-012247.4,2MASS J12545393-0122474,193.7246,-1.3798,1400,0.83,5.5,-4.63,0.07
WISE J125715.90+400854.2,WISE J125715.90+400854.2,194.315,40.148,900,0.76,5.5,-5.45,0.06
SDSSp J125737.26-011336.1,2MASS J12573726-0113360,194.4053,-1.2268,1800,0.87,5.5,-4.16,0.07
2MASS J12594167+1001380,LSPM J1259+1001,194.9237,10.0274,1700,0.91,4.5,-4.22,0.02
Ross 458C,ULAS J130041.74+122114.7,195.1755,12.3541,800,0.72,4.5,-5.7,0.06
2MASSW J1300425+191235,2MASSI J1300425+191235,195.1771,19.2096,2300,0.86,4.0,-3.75,0.02
HIP 63506C,2MASS J13005061+4214473,195.2108,42.2464,2300,0.88,4.0,-3.72,0.02
2MASS J13015465-1510223,2MASS J13015465-1510223,195.4778,-15.1729,1800,1.49,5.5,-3.67,0.02
2MASS J13023811+5650212,2MASS J13023811+5650212,195.6588,56.8392,1800,1.26,5.5,-3.81,0.07
2MASSI J1305410+204639,2MASS J13054106+2046394,196.4211,20.7776,1800,0.81,5.0,-4.2,0.02
2MASS J13061727+3820296,2MASS J13061727+3820296,196.572,38.3416,1800,1.59,5.5,-3.62,0.02
WISEA J130729.56-055815.4,SIMP J1307298-055814,196.8743,-5.9708,1700,0.58,5.5,-4.6,0.14
2MASS J13081228+6103486,2MASS J13081228+6103486,197.0512,61.0635,1800,1.3,5.5,-3.8,0.07
WISEP J131141.91+362925.2,2MASS J13114227+3629235,197.9259,36.4899,1800,0.97,5.5,-4.05,0.04
2MASS J13120707+3937445,2MASSI J1312070+393744,198.0294,39.629,2300,1.63,4.0,-3.18,0.09
ULAS J131610.13+031205.5,BRLT 203,199.0426,3.2016,1800,0.55,5.5,-4.56,0.08
2MASS J13184794+1736117,2MASS J13184794+1736117,199.6998,17.6032,1800,0.7,5.0,-4.32,0.14
WISEPC J132004.16+603426.2,WISEP J132004.16+603426.2,200.0212,60.5743,900,0.9,4.5,-5.31,0.07
2MASS J13204427+0409045,2MASS J13204427+0409045,200.1845,4.1513,1700,1.26,5.5,-3.92,0.03
WISEPA J132233.66-234017.1,WISE J132233.64-234016.8,200.6412,-23.6726,800,0.78,5.5,-5.65,0.09
DENIS-P J1323-1806,2MASS J13233597-1806379,200.8999,-18.1105,1800,2.29,5.5,-3.29,0.03
PSO J201.0320+19.1072,2MASS J13240776+1906271,201.0323,19.1075,1200,1.33,4.5,-4.46,0.11
2MASS J13243553+6358281,2MASS J13243553+6358281,201.1479,63.9744,1200,0.7,4.0,-5.03,0.08
SDSSp J132629.82-003831.5,2MASS J13262981-0038314,201.6242,-0.6421,1700,0.62,5.0,-4.54,0.06
SDSS J132715.21+075937.5,2MASS J13271524+0759375,201.8136,7.9938,1800,1.59,5.5,-3.61,0.03
HIP 65706B,LP  323-115,202.0872,30.0552,2700,1.45,5.0,-3.0,0.02
PSO J202.1635-03.7660,PSO J202.1635-03.7660,202.1642,-3.7661,1200,0.86,5.5,-4.87,0.08
2MASSW J1328550+211449,2MASS J13285503+2114486,202.2293,21.2467,1800,0.86,5.0,-4.14,0.06
2MASS J13313310+3407583,2MASS J13313310+3407583,202.888,34.1328,1800,1.59,5.5,-3.61,0.02
SDSS J133148.92-011651.4,2MASS J13314894-0116500,202.9538,-1.2809,1800,0.65,5.5,-4.41,0.03
SDSS J133312.79+150956.6,2MASS J13331284+1509569,203.3034,15.1658,2500,1.05,4.5,-3.41,0.06
SDSS J133345.36-021600.2,2MASS J13334540-0215599,203.4391,-2.2667,1800,1.27,5.5,-3.81,0.04
LSPM J1336+2541B,2MASS J13362502+2540368,204.1043,25.6769,1800,1.22,5.5,-3.85,0.02
2MASS J13364062+3743230,2MASSI J1336406+374323,204.1691,37.723,1800,1.57,5.5,-3.62,0.02
2MASS J13373116+4938367,2MASS J13373116+4938367,204.3799,49.6435,2300,1.1,3.5,-3.52,0.02
WISE J133750.46+263648.6,2MASS J13375038+2636512,204.4597,26.6142,1000,1.01,4.0,-5.03,0.06
2MASSW J1338261+414034,2MASSW J1338261+414034,204.6089,41.676,1800,1.19,5.5,-3.87,0.02
2MASS J13384944+0437315,2MASS J13384944+0437315,204.706,4.6254,1800,2.13,5.5,-3.36,0.02
PM I13410+0542B,2MASS J13410235+0542489,205.2598,5.7135,1700,1.46,5.5,-3.8,0.03
SDSS J134203.11+134022.2,2MASS J13420311+1340222,205.5129,13.6729,1800,0.69,5.0,-4.34,0.13
WISEA J134310.44-121628.8,2MASS J13431074-1216256,205.7945,-12.2739,1900,0.71,5.5,-4.24,0.14
2MASSW J1343167+394508,2MASSW J1343167+394508,205.8194,39.7525,1700,1.08,4.5,-4.06,0.09
SDSS J134525.57+521634.0,2MASS J13452562+5216337,206.3566,52.2761,1800,0.96,5.0,-4.06,0.07
SDSSp J134646.45-003150.4,2MASS J13464634-0031501,206.6934,-0.5307,1000,0.9,4.5,-5.15,0.05
LHS 2803B,LP  738-14 B,207.0113,-13.7356,1100,0.67,5.5,-5.24,0.04
WISEPC J134806.99+660327.8,2MASS J13480677+6603315,207.0283,66.0586,1800,0.51,5.0,-4.61,0.13
PSO J207.7496+29.4240,2MASS J13510003+2925273,207.75,29.4243,1400,0.87,3.5,-4.56,0.1
PM I13518+4157B,2MASS J13514747+4157479,207.9478,41.9633,1800,1.65,5.5,-3.58,0.03
WISE J135307.51-085712.0,2MASS J13530778-0857119,208.2823,-8.9533,2400,0.91,3.5,-3.6,0.03
NLTT 35593B,2MASS J13543510-0607333,208.6462,-6.126,1800,1.04,5.5,-3.99,0.02
SDSS J135712.40+142839.8,2MASS J13571237+1428398,209.3016,14.4778,1700,1.12,5.5,-4.02,0.07
2MASS J13571497-1438529,DENIS J135714.9-143852,209.3122,-14.648,2500,1.52,4.5,-3.09,0.02
SDSS J135852.68+374711.9,2MASS J13585269+3747137,209.7197,37.7869,1200,0.64,5.5,-5.12,0.06
2MASS J13595510-4034582,2MASS J13595510-4034582,209.9796,-40.5829,2300,0.84,4.0,-3.77,0.02
SDSS J140023.12+433822.3,2MASS J14002320+4338222,210.0966,43.6394,1500,0.83,5.5,-4.49,0.09
WISE J140035.40-385013.5,2MASS J14003541-3850109,210.1475,-38.8363,1200,0.68,5.5,-5.05,0.06
2MASS J14022235+0648479,2MASS J14022235+0648479,210.5932,6.8133,2400,1.44,3.5,-3.23,0.02
PSO J210.6211-26.9300,Gaia DR2 6273537856003401728,210.6215,-26.9297,2400,0.97,4.0,-3.55,0.04
2MASS J14044495+4634297,2MASSI J1404449+463429,211.1873,46.575,1800,2.04,5.5,-3.4,0.02
SDSS J140601.47+524931.0,2MASS J14060148+5249309,211.5063,52.8252,1800,1.76,5.5,-3.52,0.04
2MASS J14075361+1241099,ULAS2MASS J1407+1241,211.9734,12.6861,1800,0.98,5.0,-4.03,0.04
2MASS J14090310-3357565,USNO-B1.0 0560-00310109,212.263,-33.9657,1800,1.3,5.5,-3.79,0.02
2MASSW J1411175+393636,2MASSW J1411175+393636,212.8224,39.6101,1800,1.34,5.5,-3.77,0.02
WISE J141144.13-140300.5,2MASS J14114418-1402543,212.9341,-14.0487,2400,0.83,3.5,-3.68,0.02
2MASS J14122268+2354108,2MASS J14122268+2354108,213.0945,23.903,2500,1.22,4.0,-3.28,0.02
2MASSW J1412244+163312,2MASSW J1412244+163312,213.1021,16.5533,1800,2.04,5.5,-3.39,0.02
2MASS J14140586+0107102,2MASS J14140586+0107102,213.5244,1.1195,1800,0.9,5.5,-4.12,0.07
SDSS J141530.05+572428.7,2MASS J14153003+5724300,213.8752,57.4082,1400,1.03,5.5,-4.43,0.15
SDSS J141659.78+500626.4,2MASS J14165987+5006258,214.2495,50.1073,1800,0.75,5.5,-4.28,0.02
2MASS J14182962-3538060,2MASS J14182962-3538060,214.6235,-35.635,1800,1.28,5.5,-3.81,0.03
SDSS J141858.92+600018.8,2MASS J14185890+6000194,214.7454,60.0053,2300,1.12,3.5,-3.5,0.03
2MASS J14192618+5919047,2MASS J14192618+5919047,214.8593,59.3179,2200,1.06,5.0,-3.64,0.06
SDSS J142058.30+213156.6,2MASS J14205843+2131555,215.2434,21.5321,2400,0.77,5.0,-3.76,0.02
2MASSW J1421314+182740,2MASSW J1421314+182740,215.3809,18.4613,1800,1.65,5.5,-3.58,0.02
SDSS J142227.25+221557.1,2MASS J14222720+2215575,215.6134,22.2659,1800,0.69,5.5,-4.33,0.13
SDSS J142257.15+082752.1,2MASS J14225717+0827539,215.7383,8.465,1800,1.2,5.5,-3.86,0.03
BD +01 2920B,ULAS J142320.79+011638.2,215.8363,1.2787,800,0.71,5.5,-5.9,0.81
2MASS J14232186+6154005,2MASS J14232186+6154005,215.8408,61.9001,1800,1.05,5.5,-3.98,0.06
GD 165B,GD 165B,216.1629,9.2863,1700,1.1,5.5,-4.04,0.03
DENIS-P J142527.97-365023.4,2MASS J14252798-3650229,216.3666,-36.8398,1800,0.94,5.0,-4.08,0.02
PSO J216.4707-06.2849,Null,216.4702,-6.2845,1300,0.83,4.5,-4.75,0.11
SDSS J142612.86+313039.4,2MASS J14261290+3130400,216.5538,31.5111,1800,0.91,5.0,-4.1,0.06
2MASS J14283132+5923354,2MASS J14283132+5923354,217.1304,59.3932,2000,0.82,5.0,-4.08,0.02
LHS 2924,LP  271-25,217.1801,33.1776,1900,1.48,5.5,-3.6,0.02
2MASS J14313097+1436539,2MASS J14313097+1436539,217.8788,14.615,2300,0.81,4.0,-3.79,0.02
SDSS J143242.10+345142.7,2MASS J14324216+3451429,218.1757,34.8619,1900,1.36,5.5,-3.67,0.04
PSO J218.4532+50.7231,PSO J218.4532+50.7231,218.4529,50.7235,1300,0.79,5.5,-4.79,0.12
PSO J218.5616-27.8952,2MASS J14341485-2753426,218.5619,-27.8952,1800,0.7,5.0,-4.33,0.14
2MASS J14351087-2333025,SIPS J1435-2333,218.7952,-23.5507,2600,1.16,4.0,-3.26,0.02
SDSS J143553.25+112948.6,SDSS J143553.24+112948.5,218.9717,11.4967,1400,0.56,5.5,-4.97,0.11
2MASSI J1438082+640836,LSPM J1438+6408,219.5345,64.1434,1800,1.67,5.5,-3.57,0.02
SDSS J143832.63+572216.9,2MASS J14383259+5722168,219.6359,57.3714,1700,0.95,5.5,-4.18,0.14
2MASSW J1438549-130910,2MASSW J1438549-130910,219.7292,-13.1529,1700,1.18,5.5,-3.98,0.04
2MASSW J1439284+192915,2MASS J14392836+1929149,219.8673,19.4878,1900,1.3,5.5,-3.71,0.02
SDSS J143933.44+031759.2,2MASS J14393343+0317591,219.8893,3.2997,1800,1.48,5.5,-3.68,0.07
SDSS J143945.86+304220.6,SDSS J143945.86+304220.5,219.9415,30.7058,1300,0.79,5.5,-4.8,0.12
2MASS J14403186-1303263,2MASS J14403186-1303263,220.1329,-13.0573,2300,0.9,4.0,-3.7,0.04
2MASS J14410457+2719323,2MASS J14410457+2719323,220.2691,27.3256,2700,1.12,5.0,-3.22,0.08
WISE J144127.48-515807.6,2MASS J14412855-5158048,220.3691,-51.968,2700,0.95,4.0,-3.36,0.02
G 239-25B,G 239-25B,220.5919,66.0555,2700,0.87,4.5,-3.42,0.02
SDSSp J144600.60+002452.0,2MASS J14460061+0024519,221.5025,0.4144,1800,0.67,5.0,-4.36,0.06
2MASSW J1448256+103159,2MASS J14482563+1031590,222.1068,10.5331,1800,0.76,5.0,-4.27,0.02
NLTT 38489B,2MASS J14484645+5610559,222.1936,56.1822,2400,1.0,4.0,-3.52,0.02
ULAS2MASS J1452+1114,2MASS J14520183+1114590,223.0076,11.2498,1800,1.17,5.5,-3.88,0.04
SDSS J145255.58+272324.4,2MASS J14525564+2723256,223.2318,27.3904,2400,0.82,5.0,-3.7,0.02
SDSS J145325.89+142041.8,2MASS J14532582+1420410,223.3577,14.3447,1900,1.12,5.5,-3.84,0.03
2MASSI J1456014-274735,LEHPM 2-50,224.0058,-27.7935,2400,0.93,3.5,-3.59,0.02
LHS 3003,LP  914-54,224.1594,-28.1635,2600,1.24,5.0,-3.21,0.02
HIP 73169B,2MASS J14571164-0619260,224.2985,-6.324,1800,1.12,5.5,-3.92,0.02
WISEPC J145715.03+581510.2,WISE J145715.03+581510.2,224.3153,58.2531,900,0.83,5.0,-5.38,0.06
Gliese 570D,GJ   570 D,224.3129,-21.364,800,0.88,5.0,-5.56,0.06
PSO J224.3820+47.4057,PSO J224.3820+47.4057,224.3814,47.4059,900,0.83,4.5,-5.38,0.07
2MASS J14582453+2839580,2MASS J14582453+2839580,224.6022,28.6661,2400,1.24,3.5,-3.35,0.02
2MASS J15004572+4219448,2MASS J15004572+4219448,225.1905,42.3292,2400,1.21,3.5,-3.36,0.02
TVLM 513-46546,TVLM 513-46,225.2841,22.8339,2300,1.03,3.5,-3.59,0.02
TVLM 513-42404A,TVLM 513-42404,225.5888,25.4319,2700,1.35,4.5,-3.03,0.02
TVLM 513-42404B,Gaia DR2 1267909671886228224,225.5889,25.4344,2300,1.15,4.0,-3.49,0.03
2MASS J15031961+2525196,2MASS J15031961+2525196,225.8317,25.4222,1100,0.81,5.0,-5.07,0.03
WISE J150406.66-455223.9,2MASS J15040744-4552200,226.0309,-45.8724,1700,0.67,5.5,-4.48,0.13
SDSS J150411.63+102718.4,CFBDS J150411+102717,226.048,10.4554,900,1.15,3.5,-5.1,0.06
NLTT 39312B,2MASS J15055931+3339343,226.4971,33.6594,2800,1.38,3.5,-2.97,0.09
2MASSW J1506544+132106,2MASSW J1506544+132106,226.7264,13.3517,1800,1.01,5.5,-4.02,0.02
2MASSW J1507476-162738,2MASSW J1507476-162738,226.9487,-16.4611,1800,0.77,5.5,-4.25,0.02
PSO J227.1576-07.9608,Null,227.1577,-7.9605,1400,0.75,5.5,-4.72,0.13
TVLM 868-110639,TVLM 868-110639,227.5701,-2.6856,1800,2.01,5.5,-3.41,0.02
SDSS J151110.91+434036.3,2MASS J15111089+4340372,227.7954,43.6769,1800,0.66,5.0,-4.38,0.14
SDSS J151240.67+340350.1,2MASS J15124058+3403501,228.1693,34.0639,1700,1.38,5.5,-3.84,0.03
WISE J151314.61+401935.6,WISE J151314.61+401935.6,228.3106,40.3265,1500,0.86,2.5,-4.6,0.13
PSO J228.6775-29.7088,2MASS J15144258-2942315,228.6774,-29.7088,1800,1.29,5.5,-3.81,0.23
2MASSW J1515008+484742,2MASSW J1515008+484742,228.7536,48.7948,1800,0.6,5.5,-4.47,0.02
SDSS J151506.11+443648.3,2MASS J15150607+4436483,228.7753,44.6134,1800,0.73,5.0,-4.31,0.13
SDSS J151603.03+025928.9,2MASS J15160303+0259292,229.0126,2.9914,1700,0.28,5.5,-5.23,0.14
SDSS J151643.01+305344.4,2MASS J15164306+3053443,229.1793,30.8956,1300,0.73,3.0,-4.88,0.07
PSO J229.2354-26.6737,2MASS J15165651-2640251,229.2355,-26.6737,1900,1.54,4.0,-3.56,0.22
SDSS J152039.82+354619.8,2MASS J15203974+3546210,230.1655,35.7725,1800,0.54,5.5,-4.56,0.08
SDSS J152103.24+013142.7,2MASS J15210327+0131426,230.2635,1.5285,1200,0.96,5.0,-4.74,0.12
2MASS J15230657-2347526,2MASS J15230657-2347526,230.7773,-23.798,1800,1.88,5.5,-3.47,0.02
Gl 584C,* eta CrB C,230.8443,30.2489,1500,0.64,5.5,-4.72,0.06
ULAS J152502.10+083344.0,PSO J231.2588+08.5622,231.2587,8.5624,1400,0.61,5.5,-4.9,0.13
2MASSI J1526140+204341,2MASSI J1526140+204341,231.5584,20.7279,1700,0.76,5.5,-4.36,0.03
PSO J231.7900-26.4494,2MASS J15270961-2626574,231.79,-26.4494,1800,1.68,5.5,-3.57,0.22
PSO J231.8943-29.0599,2MASS J15273464-2903354,231.8943,-29.0599,1800,1.71,5.5,-3.55,0.23
2MASS J15293306+6730215,2MASS J15293306+6730215,232.3878,67.506,2300,1.04,3.5,-3.57,0.09
SDSS J153012.87+514717.1,2MASS J15301287+5147169,232.5536,51.788,2400,1.05,3.5,-3.49,0.02
2MASS J15341068+0426410,2MASS J15341068+0426410,233.5445,4.4447,1800,1.7,5.5,-3.56,0.07
SDSS J153453.33+121949.2,2MASS J15345325+1219495,233.722,12.3304,1700,0.79,5.5,-4.33,0.04
2MASS J15345704-1418486,2MASS J15345704-1418486,233.7372,-14.3137,2500,1.07,4.5,-3.4,0.02
HIP 76456B,2MASS J15365618+2959314,234.2342,29.9921,2700,1.19,4.5,-3.15,0.02
2MASS J15382417-1953116,2MASS J15382417-1953116,234.6007,-19.8866,1700,0.9,4.5,-4.22,0.23
DENIS-P J153941.96-052042.4,2MASS J15394189-0520428,234.9247,-5.3452,1800,1.06,5.5,-3.97,0.02
SDSS J154009.36+374230.3,2MASS J15400942+3742316,235.0392,37.7088,1500,0.74,5.5,-4.58,0.12
PSO J235.3149+61.5071,Null,235.3153,61.5071,1800,2.05,5.5,-3.39,0.22
2MASS J15422494+5522451,2MASS J15422494+5522451,235.6039,55.3792,1700,1.05,5.5,-4.09,0.07
2MASS J15423630-0045452,2MASS J15423630-0045452,235.651,-0.7628,1900,0.78,5.5,-4.18,0.11
VHS J154352.78-043909.6,WISE J154352.78-043909.5,235.9702,-4.6526,1100,1.13,4.0,-4.78,0.11
2MASS J15461461+4932114,2MASS J15461461+4932114,236.5611,49.5362,1300,0.83,5.5,-4.74,0.07
2MASSI J1546291-332511,2MASSI J1546271-332511,236.6134,-33.4198,1100,0.66,5.0,-5.25,0.04
PSO J237.1471-23.1489,2MASS J15483530-2308557,237.1471,-23.1489,2400,3.99,3.5,-2.33,0.08
SDSS J154849.02+172235.4,2MASS J15484912+1722359,237.2046,17.3766,1800,0.52,5.5,-4.61,0.17
2MASS J15485834-1636018,SIPS J1548-1636,237.243,-16.6006,2300,1.0,3.5,-3.61,0.02
SDSS J155120.86+432930.3,2MASS J15512087+4329303,237.837,43.4918,1800,1.73,5.5,-3.55,0.03
2MASS J15515237+0941148,2MASS J15515237+0941148,237.9682,9.6875,1700,1.31,4.5,-3.9,0.06
SDSS J155252.32-003501.9,2MASS J15525231-0035019,238.218,-0.5839,2600,0.79,3.0,-3.59,0.05
WISE J155254.84+503307.6,WISE J155254.84+503307.6,238.229,50.5528,1700,0.56,5.5,-4.65,0.12
2MASSW J1552591+294849,2MASS J15525906+2948485,238.2461,29.8135,1800,1.62,5.5,-3.6,0.02
2MASSW J1553214+210907,2MASSW J1553214+210907,238.3392,21.1521,1700,0.68,4.5,-4.46,0.13
2MASSW J1555157-095605,2MASS J15551573-0956055,238.8157,-9.935,1900,1.34,5.5,-3.69,0.02
SDSS J155644.35+172308.9,2MASS J15564434+1723089,239.1848,17.3858,1800,2.23,5.5,-3.32,0.03
2MASS J15575011-2952431,2MASS J15575011-2952431,239.4588,-29.8787,1800,1.98,5.5,-3.43,0.23
WISE J155755.29+591425.3,2MASS J15575569+5914232,239.4821,59.2398,2300,1.01,4.0,-3.6,0.02
PSO J239.7016-23.2664,2MASS J15584839-2315589,239.7016,-23.2664,2200,1.06,3.5,-3.64,0.23
PSO J241.1376+39.0369,PSO J241.1376+39.0369,241.1372,39.0368,1400,0.63,5.5,-4.86,0.13
HIP 78916B,2MASS J16063229+2253337,241.6345,22.8927,2700,1.23,4.0,-3.13,0.03
HIP 78923B,2MASS J16063894+3406172,241.6621,34.1049,2700,1.21,5.0,-3.15,0.02
PSO J242.9129+02.4856,PSO J242.9129+02.4856,242.9127,2.4854,1400,0.75,5.5,-4.71,0.12
SDSS J161459.98+400435.1,2MASS J16150007+4004345,243.7501,40.0763,1800,1.19,5.5,-3.87,0.06
2MASS J16150413+1340079,2MASS J16150413+1340079,243.7681,13.6688,900,1.1,4.5,-5.14,0.06
2MASS J16154255+4953211,2MASS J16154255+4953211,243.9275,49.8893,1600,1.37,3.0,-4.1,0.06
2MASSW J1615441+355900,2MASSW J1615441+355900,243.934,35.9832,1700,1.16,5.5,-3.99,0.03
PSO J243.9421+67.2075,Null,243.9431,67.2073,1500,0.98,3.0,-4.46,0.09
SDSS J161611.36+521328.0,2MASS J16161134+5213277,244.0473,52.2244,1800,2.72,5.5,-3.14,0.07
PSO J244.1180+06.3598,PSO J244.1180+06.3598,244.1184,6.3598,1400,0.74,4.0,-4.72,0.14
SDSS J161731.65+401859.7,2MASS J16173168+4019003,244.3819,40.3167,1700,0.86,4.5,-4.27,0.04
PSO J244.6801+08.7185,PSO J244.6801+08.7185,244.68,8.7186,1200,0.87,4.5,-4.85,0.14
2MASS J16184503-1321297,DENIS J161845.0-132129,244.6876,-13.3583,1800,2.44,5.5,-3.24,0.06
SDSS J161928.31+005011.9,2MASS J16192830+0050118,244.868,0.8366,1800,1.3,5.5,-3.79,0.02
GJ 618.1B,GJ   618.1 B,245.109,-4.2755,1700,1.22,5.5,-3.95,0.03
SDSS J162255.27+115924.1,2MASS J16225533+1159238,245.7304,11.99,1800,0.75,5.5,-4.28,0.13
WISE J162359.70-050811.4,2MASS J16235981-0508066,245.9992,-5.1353,1800,1.47,5.5,-3.68,0.03
SDSSp J162414.37+002915.6,2MASS J16241436+0029158,246.0597,0.4877,1000,0.83,5.0,-5.21,0.04
PSO J246.4222+15.4698,2MASS J16254152+1528140,246.4228,15.4704,1200,0.72,5.5,-5.02,0.13
SDSS J162603.03+211313.0,2MASS J16260302+2113132,246.5126,21.2204,1700,1.05,5.5,-4.08,0.04
LSPM J1627+3328B,2MASS J16270165+3328217,246.7568,33.4726,2400,1.11,3.5,-3.43,0.02
WISEPA J162725.64+325525.5,2MASS J16272573+3255288,246.8572,32.9245,1000,0.85,5.5,-5.19,0.05
SDSS J162838.77+230821.1,2MASS J16283855+2308241,247.1612,23.1395,900,0.76,4.5,-5.47,0.05
PSO J247.3273+03.5932,2MASS J16291840+0335371,247.3267,3.5936,1400,0.64,5.5,-4.84,0.07
SDSS J163030.53+434404.0,2MASS J16303054+4344032,247.6273,43.7343,1500,0.66,5.5,-4.7,0.08
2MASS J16304139+0938446,2MASS J16304139+0938446,247.6725,9.6457,1800,1.59,5.5,-3.62,0.03
2MASSW J1632291+190441,2MASS J16322911+1904407,248.1216,19.0779,1500,0.66,5.0,-4.72,0.07
WISE J163236.47+032927.3,2MASS J16323642+0329269,248.1518,3.4908,1000,1.26,3.5,-4.85,0.09
SDSS J163239.34+415004.3,SDSS J163239.34+415004.3,248.1641,41.8346,1400,1.01,5.5,-4.45,0.13
SDSS J163256.13+350507.2,2MASS J16325610+3505076,248.2338,35.0854,1800,1.55,5.5,-3.63,0.02
SDSS J163359.23-064056.5,2MASS J16335933-0640552,248.4972,-6.6821,1800,0.65,5.5,-4.41,0.1
2MASS J16351919+4223053,2MASSI J1635191+422305,248.83,42.3848,2400,2.29,3.5,-2.81,0.02
SDSSp J163600.79-003452.6,2MASS J16360078-0034525,249.0035,-0.5812,2300,1.08,3.5,-3.55,0.1
WISE J163645.56-074325.1,WISE J163645.56-074325.1,249.1902,-7.7234,1300,0.81,5.0,-4.76,0.13
2MASS J16382073+1327354,2MASS J16382073+1327354,249.5864,13.4597,1800,1.26,5.5,-3.82,0.07
HIP 81910B,2MASS J16434951-2648393,250.9563,-26.8109,2900,2.15,5.0,-2.53,0.02
2MASS J16452207+3004071,2MASSI J1645220+300407,251.3419,30.0686,1700,1.18,5.5,-3.98,0.03
2MASSW J1645221-131951,2MASS J16452211-1319516,251.3421,-13.3312,1800,1.38,5.5,-3.74,0.02
WISEPA J164715.59+563208.2,2MASS J16471580+5632057,251.8158,56.535,1700,0.61,4.5,-4.56,0.05
2MASS J16490419+0444571,2MASS J16490419+0444571,252.2675,4.7492,2500,1.16,4.0,-3.32,0.02
SDSS J164916.89+464340.0,SDSS J164916.89+464340.0,252.3203,46.7277,1800,0.75,5.5,-4.28,0.13
WISEPA J165311.05+444423.9,WISE J165311.05+444422.8,253.2963,44.7408,700,0.95,5.0,-5.7,0.08
SDSS J165329.69+623136.5,2MASS J16532970+6231364,253.3737,62.5268,1800,1.41,5.5,-3.72,0.02
SDSS J165450.79+374714.6,2MASS J16545081+3747141,253.7116,37.7874,1800,1.45,5.5,-3.69,0.02
vB 8,VB  8,253.8969,-8.3947,2600,1.22,5.0,-3.21,0.02
SDSS J165850.26+182000.6,2MASS J16585033+1819597,254.7096,18.3334,2300,0.97,4.0,-3.64,0.04
PSO J255.0913+10.3263,Null,255.0914,10.3264,1600,0.85,3.0,-4.5,0.23
SDSS J170316.71+190636.0,2MASS J17031672+1906359,255.8197,19.11,1900,1.86,5.5,-3.4,0.02
DENIS-P J170548.38-051645.7,2MASS J17054834-0516462,256.4514,-5.2795,1800,1.51,5.5,-3.65,0.02
DENIS J1707252-013809,2MASS J17072529-0138093,256.8554,-1.636,1900,1.75,5.5,-3.46,0.02
2MASSI J1707333+430130,2MASS J17073334+4301304,256.8889,43.0251,1800,1.59,5.5,-3.61,0.02
SDSS J171049.35+332325.2,2MASS J17104936+3323251,257.7056,33.3903,2400,0.91,3.5,-3.61,0.02
2MASS J17111353+2326333,2MASSI J1711135+232633,257.8063,23.4426,1700,1.89,5.5,-3.57,0.03
2MASS J17114559+4028578,G 203-50B,257.9401,40.4827,1900,0.69,5.5,-4.28,0.02
2MASSI J1711457+223204,2MASSI J1711457+223204,257.9405,22.5345,1400,0.89,3.5,-4.53,0.16
NLTT 44368B,2MASS J17115739+5430405,257.989,54.5113,1900,1.62,5.5,-3.52,0.03
PSO J258.2413+06.7612,2MASS J17125805+0645416,258.2421,6.7616,1800,0.61,5.5,-4.47,0.08
2MASS J17164260+2945536,2MASS J17164260+2945536,259.1775,29.7649,1800,1.11,5.5,-3.94,0.07
SDSS J171714.10+652622.2,2MASS J17171408+6526221,259.3086,65.4395,1800,0.96,5.0,-4.05,0.02
LSPM J1717+5925B,2MASS J17173107+5925318,259.3792,59.4254,1800,2.3,5.5,-3.29,0.02
PSO J260.1623+61.7636,PSO J260.1623+61.7636,260.1621,61.763,1400,0.76,5.5,-4.69,0.12
PSO J260.1789+15.3091,Gaia DR2 4543541311397087872,260.179,15.3093,1800,1.58,5.5,-3.62,0.06
2MASSI J1721039+334415,2MASSI J1721039+334415,260.2651,33.738,2200,0.72,5.0,-3.98,0.02
PSO J260.3363+46.6739,2MASS J17212065+4640286,260.3361,46.6747,1500,0.73,5.5,-4.61,0.14
WISE J172134.46+111739.4,2MASS J17213449+1117379,260.3939,11.2939,900,1.15,3.5,-5.11,0.07
SDSS J172244.32+632946.8,2MASS J17224432+6329470,260.6847,63.4963,1800,1.96,5.5,-3.43,0.03
PSO J261.2881+22.9269,PSO J261.2881+22.9269,261.2882,22.9269,1100,0.93,4.5,-4.94,0.14
SDSS J172543.84+532534.9,2MASS J17254383+5325347,261.4327,53.4264,2700,1.17,5.0,-3.19,0.02
2MASSI J1726000+153819,2MASSI J1726000+153819,261.5003,15.6386,1800,1.15,5.0,-3.9,0.04
HIP 85365B,2MASS J17262235-0502110,261.5931,-5.0364,1700,0.82,5.5,-4.31,0.03
WISEPA J172844.93+571643.6,WISE J172844.93+571642.7,262.1869,57.2782,900,0.85,5.5,-5.35,0.08
WISE J173035.99+420742.5,WISE J173035.99+420742.5,262.6504,42.1292,1400,0.84,5.5,-4.61,0.14
SDSS J173101.41+531047.9,2MASS J17310140+5310476,262.7559,53.18,1800,0.69,5.0,-4.34,0.13
2MASS J17312974+2721233,LSPM J1731+2721,262.8739,27.3565,1900,1.52,5.5,-3.58,0.02
2MASS J17320014+2656228,2MASS J17320014+2656228,263.0006,26.9397,1800,1.51,5.5,-3.67,0.06
WISE J173332.50+314458.3,2MASS J17333281+3144571,263.3865,31.7493,1700,1.07,5.5,-4.07,0.05
DENIS-P J1733423-165449,DENIS J173342.3-165449,263.4261,-16.9139,1900,1.15,5.5,-3.81,0.02
WISE J173421.02+502349.9,2MASS J17342109+5023472,263.5883,50.3966,1200,0.89,4.5,-4.82,0.09
2MASS J17343053-1151388,2MASS J17343053-1151388,263.6272,-11.8608,2400,1.02,3.5,-3.51,0.02
2MASS J17373467+5953434,2MASS J17373467+5953434,264.3944,59.8954,1900,0.7,5.5,-4.26,0.13
WISE J173859.27+614242.1,WISE J173859.27+614242.1,264.7468,61.711,1500,0.65,3.0,-4.82,0.09
2MASS J17392515+2454421,2MASS J17392515+2454421,264.8548,24.9118,1700,0.85,5.5,-4.27,0.03
PSO J265.0759+11.4855,PSO J265.0759+11.4855,265.0762,11.4857,1400,0.78,5.5,-4.67,0.12
WISE J174102.78-464225.5,2MASS J17410280-4642218,265.2615,-46.7059,1600,1.18,3.0,-4.23,0.08
WISE J174113.12+132711.9,WISE J174113.12+132711.9,265.3049,13.4539,1100,1.12,5.5,-4.77,0.11
WISEPA J174124.26+255319.5,WISEP J174124.25+255319.5,265.3522,25.893,700,0.54,4.5,-6.21,0.08
WISE J174303.71+421150.0,2MASS J17430367+4211558,265.7654,42.1988,1200,0.76,4.5,-4.97,0.05
WISEA J174336.62+154901.3,2MASS J17433635+1549025,265.9017,15.8173,2400,0.81,5.0,-3.72,0.02
2MASSW J1743415+212707,2MASSW J1743415+212707,265.9229,21.452,1700,1.06,5.5,-4.08,0.04
DENIS-P J1745346-164053,DENIS J174534.6-164053,266.3944,-16.6817,2300,0.8,4.0,-3.81,0.02
2MASS J17461199+5034036,2MASS J17461199+5034036,266.5499,50.5676,2000,0.68,5.0,-4.24,0.02
SDSS J175024.01+422237.8,2MASS J17502385+4222373,267.5993,42.3771,1400,1.0,5.5,-4.46,0.1
2MASS J17502484-0016151,2MASS J17502484-0016151,267.6034,-0.2708,1800,0.78,5.5,-4.25,0.02
SDSSp J175032.96+175903.9,2MASS J17503293+1759042,267.6372,17.9844,1300,0.69,5.0,-4.91,0.06
2MASS J17545447+1649196,2MASS J17545447+1649196,268.726,16.8221,1000,0.93,4.0,-5.1,0.05
WISE J175510.28+180320.2,2MASS J17551062+1803203,268.7941,18.0556,1300,0.78,5.5,-4.8,0.07
SDSS J175805.46+463311.9,SDSS J175805.46+463311.9,269.5227,46.5531,900,0.99,3.5,-5.24,0.05
2MASS J18000116-1559235,2MASS J18000116-1559235,270.0049,-15.99,1800,0.98,5.5,-4.04,0.02
WISEP J180026.60+013453.1,WISEP J180026.60+013453.1,270.1103,1.5825,1500,0.68,5.5,-4.67,0.06
2MASSI J1807159+501531,2MASS J18071593+5015316,271.8164,50.2588,1800,1.42,5.5,-3.71,0.02
PSO J271.8353+46.9326,LSPM J1807+4655,271.8357,46.9331,2700,1.85,5.0,-2.79,0.02
PSO J272.0887-04.9943,PSO J272.0887-04.9943,272.0885,-4.994,1400,0.54,5.5,-5.0,0.07
WISE J180901.07+383805.4,WISE J180901.07+383805.4,272.2566,38.6363,800,0.9,4.5,-5.52,0.07
2MASS J18131803+5101246,2MASS J18131803+5101246,273.325,51.0236,1900,1.04,2.5,-4.16,0.15
WISE J181329.40+283533.3,WISE J181329.40+283533.3,273.373,28.5935,800,0.81,4.5,-5.62,0.06
PSO J274.0908+30.5470,PSO J274.0908+30.5470,274.0908,30.5476,1200,0.76,5.5,-4.96,0.12
2MASS J18212815+1414010,2MASS J18212815+1414010,275.3673,14.2336,1800,0.81,5.0,-4.21,0.02
PSO J276.8234+22.4380,2MASS J18271757+2226167,276.8232,22.438,1500,1.14,5.5,-4.22,0.12
2MASS J18283572-4849046,2MASS J18283572-4849046,277.1488,-48.8179,1000,1.04,4.0,-5.01,0.05
PSO J277.3873+26.0116,2MASS J18293277+2600424,277.3865,26.0118,1900,0.99,5.5,-3.95,0.02
WISEPA J183058.57+454257.9,PSO J277.7441+45.7160,277.7436,45.7156,1500,0.66,5.5,-4.7,0.13
PSO J279.6187+11.6036,Null,279.6186,11.6041,2500,1.37,4.0,-3.18,0.02
PSO J281.4296+04.2296,Null,281.4295,4.2296,1800,1.88,5.5,-3.46,0.02
PSO J282.5878+34.7691,2MASS J18502104+3446088,282.5878,34.7691,1800,1.28,5.5,-3.81,0.15
WISE J185101.83+593508.6,2MASS J18510178+5935040,282.7574,59.5845,1800,0.81,5.5,-4.21,0.02
WISEPA J185215.78+353716.3,2MASS J18521552+3537196,283.0649,35.6221,900,0.79,4.5,-5.44,0.05
PSO J284.7214+39.3189,PSO J284.7214+39.3189,284.7214,39.3185,1200,0.77,5.5,-4.94,0.14
2MASS J19010601+4718136,2MASS J19010601+4718136,285.2752,47.304,1100,0.82,4.5,-5.05,0.05
WISEPA J190624.75+450808.2,2MASS J19062476+4508112,286.6031,45.1362,1100,0.67,5.5,-5.22,0.04
WISEP J190648.47+401106.8,2MASS J19064801+4011089,286.7003,40.1857,1900,1.4,5.5,-3.65,0.02
2MASS J19163888-3700026,2MASS J19163888-3700026,289.1621,-37.0007,1900,1.23,5.5,-3.75,0.06
vB 10,VB 10,289.2401,5.1504,2500,1.18,3.5,-3.32,0.02
WISE J191915.54+304558.4,2MASS J19191519+3045536,289.8134,30.7651,1500,0.71,5.5,-4.63,0.07
PSO J291.2688+68.5310,2MASS J19250500+6831527,291.2722,68.5311,1400,0.86,5.5,-4.58,0.13
WISE J192841.35+235604.9,2MASS J19284155+2356016,292.1729,23.9339,1000,0.91,4.0,-5.12,0.04
2MASS J19285196-4356256,2MASS J19285196-4356256,292.2166,-43.9404,1800,1.09,5.0,-3.94,0.03
2MASS J19355595-2846343,2MASS J19355595-2846343,293.9832,-28.7762,1800,3.61,5.5,-2.9,0.03
WISEA J194128.98-342335.8,2MASS J19412871-3423298,295.3698,-34.3918,2600,0.93,4.5,-3.44,0.02
2MASS J19415458+6826021,2MASS J19415458+6826021,295.4772,68.4339,1800,1.24,5.5,-3.84,0.07
2MASS J19495702+6222440,2MASS J19495702+6222440,297.4876,62.3789,1800,1.2,5.5,-3.85,0.07
WISE J195113.62-331116.7,2MASS J19511353-3311126,297.8064,-33.1869,1900,1.03,5.5,-3.92,0.04
WISEA J195311.04-022954.7,WISE J195311.04-022954.7,298.2965,-2.4974,2300,0.67,4.0,-3.96,0.06
2MASS J19561542-1754252,2MASS J19561542-1754252,299.0643,-17.907,2500,1.16,4.5,-3.33,0.02
PSO J299.5032+55.0722,Gaia DR2 2233867878549277312,299.5027,55.0722,2400,1.34,3.5,-3.27,0.02
WISEPA J195905.66-333833.7,2MASS J19590564-3338314,299.7734,-33.6421,800,0.77,5.0,-5.67,0.06
WISE J200050.19+362950.1,2MASS J20005017+3629465,300.2088,36.4961,800,0.83,4.0,-5.59,0.06
2MASS J20025073-0521524,2MASSI J2002507-052152,300.7113,-5.3646,1700,0.79,4.5,-4.33,0.03
WISE J200804.71-083428.5,2MASS J20080450-0834266,302.0188,-8.5742,1100,0.72,5.0,-5.16,0.06
DENIS J2013108-124244,2MASS J20131084-1242452,303.2951,-12.7126,1800,2.02,5.5,-3.4,0.03
2MASS J20135152-2806020,2MASS J20135152-2806020,303.4647,-28.1006,1800,2.61,5.5,-3.19,0.03
PSO J304.7573-07.2350,2MASS J20190178-0714067,304.7572,-7.2351,2300,1.05,4.0,-3.57,0.08
WISE J203042.79+074934.7,2MASS J20304235+0749358,307.6764,7.8266,1300,0.93,5.5,-4.64,0.05
PSO J307.7981-06.6854,Null,307.798,-6.6852,2400,1.08,3.5,-3.46,0.11
2MASS J20343769+0827009,2MASS J20343769+0827009,308.657,8.4503,1800,1.4,5.5,-3.73,0.02
PSO J308.9834-09.7312,PSO J308.9834-09.7312,308.9834,-9.7313,1800,0.9,5.5,-4.12,0.13
2MASS J20414283-3506442,2MASSI J2041428-350644,310.4285,-35.1123,1800,1.6,5.5,-3.62,0.05
SDSS J204317.69-155103.4,2MASS J20431769-1551031,310.8237,-15.8509,1400,1.2,5.0,-4.29,0.2
SDSS J204749.61-071818.3,SDSS J204749.59-071818.2,311.9567,-7.305,1800,0.51,5.5,-4.61,0.16
2MASS J20491972-1944324,SIPS J2049-1944,312.3323,-19.7424,2600,1.26,4.0,-3.19,0.02
PSO J313.1067+32.9117,Null,313.1064,32.9119,1800,1.45,5.5,-3.71,0.12
PSO J313.1577-26.0050,PSO J313.1577-26.0050,313.1571,-26.005,1800,1.57,5.5,-3.62,0.07
2MASSI J2054358+151904,2MASSI J2054358+151904,313.6493,15.3178,1800,1.5,5.5,-3.66,0.06
2MASSI J2057153+171515,2MASSI J2057153+171515,314.3141,17.2543,1800,1.36,5.5,-3.75,0.06
2MASSI J2057540-025230,2MASS J20575409-0252302,314.4754,-2.8751,1800,1.41,5.5,-3.72,0.02
2MASSI J2104149-103736,2MASS J21041491-1037369,316.0623,-10.627,1800,1.14,5.5,-3.91,0.02
YU2-644_102045,2MASS J21043128-0939217,316.1304,-9.6561,1800,1.36,5.5,-3.74,0.08
PSO J316.5156+04.1173,2MASS J21060371+0407028,316.5156,4.1174,1800,0.71,5.5,-4.34,0.14
2MASS J21075409-4544064,2MASS J21075409-4544064,316.9754,-45.7351,1800,1.33,5.5,-3.77,0.03
PSO J318.4243+35.1277,PSO J318.4243+35.1277,318.4239,35.128,1800,1.67,5.5,-3.58,0.02
PSO J318.5338-22.8603,2MASS J21140802-2251358,318.5335,-22.86,1500,0.93,3.0,-4.52,0.08
WISEA J211543.59-322540.4,SIPS J2115-3225,318.9312,-32.4273,3200,1.05,2.5,-3.0,0.02
2MASS J21163374-0729200,2MASS J21163374-0729200,319.1405,-7.4889,1700,0.7,4.5,-4.43,0.15
PSO J319.3102-29.6682,2MASS J21171431-2940034,319.3097,-29.6677,1400,0.65,5.5,-4.84,0.07
WISEA J211807.07-321713.5,2MASS J21180695-3217095,319.5291,-32.2861,1800,1.45,5.5,-3.69,0.05
[HB88] M18,[HB88] M18,319.6324,-45.0979,2500,1.03,4.0,-3.43,0.02
SDSS J211846.77-001044.6,2MASS J21184677-0010447,319.6949,-0.1791,1900,1.43,5.5,-3.63,0.07
HD 203030B,HD 203030B,319.7457,26.2295,1400,0.55,4.0,-4.99,0.1
PSO J319.7576-13.0982,Null,319.7571,-13.0982,1700,0.93,3.5,-4.25,0.24
WISE J212321.92-261405.1,WISE J212321.92-261405.1,320.8408,-26.2344,900,0.99,5.5,-5.23,0.09
WISEA J212354.78-365223.4,2MASS J21235440-3652208,320.9767,-36.8725,1800,1.27,5.5,-3.81,0.03
SDSS J212413.89+010000.3,CFBDS J212413+010002,321.0579,0.9999,1100,0.83,4.5,-5.04,0.06
PSO J321.1619+18.8243,2MASS J21243864+1849263,321.1612,18.8241,1300,0.87,4.0,-4.7,0.13
[HB88] M19,[HB88] M19,321.8589,-42.2551,2500,1.4,4.5,-3.17,0.02
[HB88] M20,[HB88] M20,322.536,-44.7745,2500,1.15,4.0,-3.33,0.02
2MASSW J2130446-084520,SIPS J2130-0845,322.686,-8.7557,1800,1.51,5.5,-3.66,0.02
SDSS J213154.43-011939.3,2MASS J21315444-0119374,322.977,-1.3273,1400,0.99,3.5,-4.45,0.09
SDSS J213240.36+102949.4,2MASS J21324036+1029494,323.1681,10.497,1800,0.99,5.0,-4.04,0.04
PSO J323.4300-07.5353,Gaia DR3 6894984160189465472,323.4299,-7.5351,2500,2.15,4.0,-2.79,0.02
SDSS J213352.72+101841.0,2MASS J21335274+1018410,323.4696,10.3112,1800,0.84,5.5,-4.18,0.14
2MASS J21371044+1450475,2MASS J21371044+1450475,324.2935,14.8466,1800,1.32,5.5,-3.78,0.02
DENIS J2139136-352950,2MASS J21391365-3529507,324.8069,-35.4974,1800,2.08,5.5,-3.38,0.03
2MASS J21392676+0220226,CFBDS J213926+022023,324.8615,2.3396,1200,0.92,4.0,-4.78,0.06
2MASS J21403907+3655563,2MASS J21403907+3655563,325.1629,36.9323,2600,1.23,5.0,-3.2,0.04
SDSS J214046.55+011259.7,2MASS J21404654+0112594,325.1941,1.2165,1800,1.01,5.5,-4.02,0.06
2MASS J21420580-3101162,2MASS J21420580-3101162,325.5243,-31.0212,1700,1.15,5.5,-4.0,0.05
HN Peg B,V* HN Peg B,326.1188,14.7688,1200,0.89,5.0,-4.83,0.05
2MASS J21481628+4003593,2MASSW J2148162+400359,327.0679,40.0665,1600,1.07,3.0,-4.31,0.06
2MASS J21495655+0603349,2MASS J21495655+0603349,327.4857,6.0597,2400,1.57,3.5,-3.13,0.02
NLTT 52268B,2MASS J21510710+3045555,327.7796,30.7654,2400,0.96,4.0,-3.55,0.02
2MASS J21512543-2441000,2MASSI J2151254-244100,327.8562,-24.6833,1800,0.88,5.0,-4.14,0.09
2MASS J21512797+3547206,2MASS J21512797+3547206,327.8666,35.7891,2300,2.1,3.5,-2.97,0.02
2MASS J21513839-4853542,2MASS J21513839-4853542,327.9101,-48.8984,1200,0.86,4.5,-4.86,0.05
2MASS J21513979+3402444,2MASS J21513979+3402444,327.9159,34.0457,1600,0.8,5.5,-4.43,0.14
LSPM J2153+1157B,2MASS J21534698+1157479,328.4458,11.9633,2600,1.14,4.0,-3.26,0.02
2MASS J21542494-1023022,2MASS J21542494-1023022,328.6038,-10.3841,1200,0.96,4.5,-4.76,0.1
2MASS J21543318+5942187,2MASS J21543318+5942187,328.6382,59.7051,900,1.32,4.5,-4.98,0.05
SIMP J21543454-1055308,2MASS J21543454-1055308,328.644,-10.9253,1700,0.88,4.5,-4.25,0.03
2MASS J21555848+2345307,2MASS J21555848+2345307,328.9936,23.7585,1800,1.16,5.5,-3.9,0.06
WISEPC J215751.38+265931.4,WISE J215751.35+265931.4,329.4637,26.9923,800,0.86,4.5,-5.56,0.06
2MASS J21580457-1550098,2MASSI J2158045-155009,329.519,-15.8361,1800,0.94,5.5,-4.08,0.03
PSO J329.8288+03.0840,CFBDS J215918+030507,329.8283,3.0864,1400,0.69,5.5,-4.78,0.13
PSO J331.6058+33.0207,2MASS J22062520+3301144,331.6053,33.0207,1400,0.75,5.5,-4.71,0.11
2MASSW J2206450-421721,2MASSW J2206450-421721,331.6875,-42.2892,1700,1.17,4.5,-3.99,0.04
PSO J331.9397-07.0570,2MASS J22074547-0703242,331.9393,-7.0567,1700,0.64,4.5,-4.52,0.22
2MASSW J2208136+292121,2MASSW J2208136+292121,332.0569,29.356,1800,1.1,5.0,-3.93,0.06
WISEPC J220922.10-273439.5,WISEA J220922.09-273439.9,332.3448,-27.5764,800,0.88,5.0,-5.54,0.07
GRH 2208-20,SIPS J2210-1952,332.7082,-19.8738,2700,1.05,3.5,-3.27,0.02
PM I22118-1005B,2MASS J22114123-1008179,332.9218,-10.1384,1800,1.28,5.5,-3.81,0.04
2MASS J22114470+6856262,2MASS J22114470+6856262,332.9361,68.9406,1800,1.15,5.5,-3.9,0.03
2MASS J22120703+3430351,2MASS J22120703+3430351,333.0293,34.5098,1800,0.72,5.0,-4.31,0.14
2MASS J22134491-2136079,2MASS J22134491-2136079,333.4372,-21.6023,1700,1.89,5.5,-3.57,0.04
WISEPC J221354.69+091139.4,SDSS J221354.72+091139.6,333.4779,9.1943,900,0.85,4.5,-5.37,0.06
PSO J334.1193+19.8800,PSO J334.1193+19.8800,334.1189,19.8803,1200,0.86,5.5,-4.85,0.13
PSO J334.2624+28.9438,2MASS J22170291+2856386,334.2621,28.944,1700,1.01,4.5,-4.12,0.22
PSO J334.8034+11.2278,2MASS J22191282+1113405,334.8035,11.228,1800,0.77,5.0,-4.25,0.22
WISE J222219.93+302601.4,2MASS J22221989+3025583,335.5829,30.433,1700,0.79,5.5,-4.34,0.1
WISEA J222409.64-185242.1,2MASS J22240946-1852387,336.0395,-18.8775,2600,1.12,4.0,-3.28,0.02
WISEPC J222623.05+044003.9,WISEP J222623.05+044003.9,336.597,4.6688,800,1.04,4.5,-5.4,0.11
PSO J336.9036-18.9148,2MASS J22273685-1854531,336.9029,-18.9153,1600,0.8,4.0,-4.42,0.22
2MASS J22282889-4310262,2MASS J22282889-4310262,337.1205,-43.174,1000,0.8,4.5,-5.23,0.05
LHS 523,LP  760-3,337.2264,-13.4221,2800,1.11,5.5,-3.15,0.02
PSO J337.4317+16.4213,PSO J337.4314+16.4215,337.4316,16.4213,2300,1.45,3.5,-3.29,0.21
PSO J338.8587+31.4729,PSO J338.8587+31.4729,338.8585,31.4729,1800,1.09,5.5,-3.95,0.07
WISE J223617.59+510551.9,2MASS J22361685+5105487,339.07,51.0967,1100,0.88,4.5,-5.0,0.04
WISEPC J223729.53-061434.2,EPIC 212235349,339.373,-6.2432,1000,0.86,5.5,-5.16,0.08
2MASS J22425317+2542573,2MASSI J2242531+254257,340.7217,25.7159,1700,1.15,5.5,-4.01,0.03
2MASSW J2244316+204343,2MASS J22443167+2043433,341.1322,20.7285,1600,0.82,3.0,-4.53,0.06
HIP 112422B,2MASS J22461844+3319304,341.5768,33.3251,1800,1.53,5.5,-3.66,0.05
PSO J341.7509-15.1075,2MASS J22470016-1506276,341.7507,-15.1077,1800,0.79,5.0,-4.23,0.14
PSO J342.3797-16.4665,2MASS J22493078-1628012,342.3785,-16.467,1800,0.85,5.5,-4.16,0.22
2MASSI J2254188+312349,2MASSI J2254188+312349,343.5788,31.3972,1300,0.71,5.0,-4.89,0.05
NLTT 55219B,2MASS J22542829+2202543,343.6182,22.0486,1800,0.7,5.5,-4.34,0.02
2MASSI J2254519-284025,2MASS J22545194-2840253,343.7164,-28.6737,1900,1.43,5.5,-3.63,0.02
SDSSp J225529.09-003433.4,2MASS J22552907-0034336,343.8712,-0.576,1800,1.71,5.5,-3.55,0.04
WISEPC J225540.74-311841.8,WISE J225540.75-311842.0,343.9189,-31.3112,700,0.91,5.0,-5.74,0.09
SDSS J225913.88-005158.2,2MASS J22591388-0051581,344.8079,-0.8662,1700,1.39,5.5,-3.84,0.07
PSO J344.8146+20.1917,2MASS J22591546+2011302,344.8145,20.1917,1800,1.02,5.0,-4.0,0.23
PSO J345.2949+07.7665,2MASS J23011072+0746002,345.2946,7.7667,1800,1.91,5.5,-3.46,0.07
WISE J230133.32+021635.0,2MASS J23013338+0216359,345.3891,2.2768,1000,0.81,4.5,-5.23,0.06
WISE J230356.79+191432.9,WISE J230356.79+191432.9,345.9873,19.2441,1200,0.86,4.5,-4.86,0.12
PSO J346.3203-11.1654,2MASS J23051675-1109554,346.3199,-11.1655,1700,0.57,5.5,-4.62,0.11
PSO J346.5281-15.9406,2MASS J23060663-1556262,346.5277,-15.9407,1700,1.03,4.5,-4.12,0.15
2MASS J23062928-0502285,TRAPPIST-1,346.6224,-5.0414,2500,1.23,4.0,-3.27,0.02
DENIS J2308113-272200,SIPS J2308-2721,347.0475,-27.3668,1800,1.3,5.5,-3.79,0.02
SSSPM J2310-1759,SSSPM J2310-1759,347.577,-17.986,1800,1.93,5.5,-3.44,0.02
PSO J348.5125+69.6598,2MASS J23140244+6939368,348.51,69.6603,1500,1.2,5.5,-4.17,0.06
PSO J348.8808+06.2873,2MASS J23153135+0617146,348.8807,6.2874,1700,1.72,5.5,-3.65,0.23
PSO J349.3359+32.0532,Null,349.3358,32.0534,1700,1.69,5.5,-3.67,0.13
2MASS J23174712-4838501,2MASS J23174712-4838501,349.4463,-48.6473,1700,0.97,4.5,-4.16,0.03
WISEPC J231939.13-184404.3,WISEP J231939.13-184404.3,349.9128,-18.7349,600,1.12,5.5,-5.82,0.15
2MASS J2320292+412341,2MASS J23202927+4123415,350.122,41.3949,1800,2.67,5.5,-3.16,0.03
2MASS J23211254-1326282,2MASS J23211254-1326282,350.3024,-13.4412,1800,1.4,5.5,-3.72,0.02
ULAS J232123.79+135454.9,SDSS J232123.76+135458.8,350.3488,13.9166,800,0.68,4.5,-5.78,0.06
PSO J350.4673-19.0783,2MASS J23215209-1904412,350.4671,-19.0782,1700,0.91,5.5,-4.22,0.15
WISEA J232219.45-140726.2,2MASS J23221914-1407238,350.5799,-14.1233,2400,0.74,4.0,-3.79,0.07
2MASS J23224684-3133231,2MASS J23224684-3133231,350.6951,-31.5565,1900,1.29,5.5,-3.72,0.02
2MASS J23231347-0244360,2MASS J23231347-0244360,350.8062,-2.7433,2500,1.63,4.0,-3.03,0.02
2MASS J23254530+4251488,2MASSI J2325453+425148,351.4388,42.8634,1500,0.7,5.5,-4.65,0.06
2MASS J23255604-0259508,2MASS J23255604-0259508,351.4836,-2.9975,1700,1.24,5.5,-3.93,0.22
WISEPC J232728.75-273056.5,2MASS J23272850-2730573,351.8689,-27.5159,1500,0.63,5.5,-4.74,0.13
HIP 115819B,2MASS J23274947+0450583,351.9561,4.8495,2500,1.04,4.0,-3.42,0.03
SDSS J232804.58-103845.7,2MASS J23280459-1038452,352.0191,-10.6459,1800,0.93,5.0,-4.08,0.07
2MASS J23302258-0347189,SIPS J2330-0347,352.5942,-3.7886,1800,1.63,5.5,-3.59,0.02
2MASS J23312378-4718274,2MASS J23312378-4718274,352.8491,-47.3076,1000,1.3,3.5,-4.82,0.13
SDSS J233129.35+155222.5,2MASS J23312938+1552228,352.8723,15.873,1900,1.34,5.5,-3.69,0.02
PSO J353.0517-29.8947,2MASS J23321249-2953410,353.052,-29.8946,1900,1.29,5.5,-3.72,0.07
2MASS J23322678+1234530,2MASS J23322678+1234530,353.1118,12.5814,1900,0.49,5.5,-4.57,0.11
PSO J353.6355+13.2209,2MASS J23343249+1313153,353.6354,13.2209,1600,1.18,5.5,-4.09,0.23
SDSS J233526.42+081721.3,2MASS J23352640+0817214,353.86,8.2893,1900,2.15,5.5,-3.27,0.02
WISE J233527.07+451140.9,WISE J233527.07+451140.9,353.8629,45.1948,1600,0.63,4.0,-4.62,0.04
2MASSI J2339101+135230,2MASSI J2339101+135230,354.7926,13.8749,1100,0.92,4.5,-4.96,0.08
2MASS J23392527+3507165,2MASS J23392527+3507165,354.8553,35.1213,1800,1.0,5.0,-4.02,0.02
WISEPC J234026.62-074507.2,2MASS J23402648-0745049,355.1105,-7.7516,900,1.33,5.0,-4.98,0.07
ULAS J234228.97+085620.1,SDSS J234228.93+085620.1,355.62,8.939,900,1.37,5.0,-4.95,0.08
2MASS J23440624-0733282,2MASSI J2344062-073328,356.026,-7.5579,1800,1.16,5.5,-3.9,0.03
2MASS J23453903+0055137,2MASS J23453903+0055137,356.4126,0.9205,2300,2.01,3.5,-3.01,0.02
APMPM J2347-3154,APMPM J2347-3154,356.7281,-31.8983,2500,1.05,4.0,-3.41,0.02
WISEPC J234841.10-102844.4,WISEA J234841.11-102844.1,357.1694,-10.4794,900,0.86,4.5,-5.37,0.08
PM I23492+3458B,PM J23492+3458B,357.313,34.9823,1400,1.05,5.0,-4.42,0.05
2MASS J23512200+3010540,2MASS J23512200+3010540,357.8417,30.1816,1800,0.72,5.0,-4.31,0.03
1RXS J235133.3+312720 B,PM J23515+3127B,357.8913,31.4564,2500,0.74,4.0,-3.72,0.02
2MASS J23535946-0833311,DENIS J235359.4-083331,358.4977,-8.5588,2500,1.01,4.0,-3.45,0.02
LHS 4039C,APMPM J2354-3316C,358.5387,-33.2741,2400,1.17,3.5,-3.4,0.02
WISEA J235422.31-081129.7,2MASS J23542220-0811289,358.5927,-8.1914,1600,1.23,4.0,-4.05,0.07
DENIS J2354599-185221,2MASS J23545993-1852216,358.7497,-18.8727,1900,1.24,5.5,-3.76,0.02
SSSPM J2356-3426,SSSPM J2356-3426,359.0451,-34.4346,2400,0.95,3.5,-3.57,0.02
2MASSI J2356547-155310,2MASSI J2356547-155310,359.2282,-15.8868,1100,0.79,4.5,-5.09,0.05
WISE J235716.49+122741.8,2MASS J23571646+1227475,359.3187,12.4629,1000,0.8,4.5,-5.23,0.06
PSO J359.8867-01.8651,2MASS J23593281-0151526,359.8868,-1.8647,1400,0.77,5.5,-4.68,0.12
SSSPM J2400-2008,SSSPM J2400-2008,359.9902,-20.1279,2500,0.71,3.5,-3.74,0.02
