NAME,RA,DEC,LIT_SPT,Discovery Ref.,CW_W1,CW_W2,CW_W1_E,CW_W2_E,GAIA_G,GAIA_BP,GAIA_RP,GAIA_G_E,GAIA_BP_E,GAIA_RP_E,VSA_J,VSA_H,VSA_K,VSA_J_E,VSA_H_E,VSA_K_E,WFCAM_Y,WFCAM_J1,WFCAM_J2,WFCAM_H,WFCAM_K,WFCAM_Y_E,WFCAM_J1_E,WFCAM_J2_E,WFCAM_H_E,WFCAM_K_E,2MASS_J,2MASS_H,2MASS_K,2MASS_J_E,2MASS_H_E,2MASS_K_E,PS_G,PS_R,PS_I,PS_Z,PS_Y,PS_G_E,PS_R_E,PS_I_E,PS_Z_E,PS_Y_E,NSC_G,NSC_R,NSC_I,NSC_Z,NSC_U,NSC_Y,NSC_G_E,NSC_R_E,NSC_I_E,NSC_Z_E,NSC_U_E,NSC_Y_E
WISEA J000430.66−260402.3,1.127731,-26.066563,sdT2,Greco et al. 2019,15.166,14.148,0.019,0.017,,,,,,,16.227,,15.565,0.017,,0.058,,,,,,,,,,,16.487,15.587,15.523,0.133,0.129,,,,,20.116,18.620,,,,0.033,0.032,,,,,,,,,,,,
WISEA J001354.40+063448.1,3.476629,6.58005,sdT8,Greco et al. 2019,19.567,16.022,,0.081,,,,,,,,,,,,,,,,,,,,,,,,,,,,,,,,,,,,,,,,,,,,,,,,,,
UNCOVER-BD-1,3.533189207,-30.37014186,sdT1,Burgasser et al. 2024,16.388,16.225,0.033,0.081,,,,,,,,,,,,,,,,,,,,,,,,,,,,,21.940,20.965,20.508,20.275,19.377,0.114,0.040,0.029,0.102,0.178,21.732,20.418,19.872,19.558,99.990,19.544,0.033,0.008,0.014,0.017,9.990,0.053
WISEA J001450.17−083823.4,3.70463921,-8.639039677,esdL0,Kirkpatrick et al. 2019,14.147,13.870,0.017,0.019,18.098,20.781,16.619,0.003,0.199,0.008,14.309,,13.819,0.005,,0.011,,,,,,,,,,,14.469,13.950,13.769,0.026,0.026,0.044,21.371,20.099,17.398,16.253,15.753,0.067,0.006,0.008,0.004,0.012,,,,,,,,,,,,
ULAS J002009.34+160451.1,5.038933,16.080879,sdM9,Zhang et al. 2018c,16.276,16.104,0.031,0.071,,,,,,,,,,,,,18.070,17.321,,,,0.026,0.025,,,,,,,,,,,,20.758,19.397,18.729,,,0.022,0.015,0.023,,,,,,,,,,,,
LSPM J0029+0717,7.278718269,7.28334845,sdM7,Zhang et al. 2013,14.527,14.320,0.015,0.018,18.472,20.245,17.131,0.003,0.063,0.010,,,,,,,15.951,15.380,,15.070,14.876,0.006,0.006,,0.009,0.011,15.475,14.955,15.008,0.049,0.067,0.137,20.790,19.285,17.668,16.936,16.657,0.042,0.009,0.009,0.006,0.006,,,,,,,,,,,,
2MASS J00412179+3547133,10.34087895,35.78705356,sdL0.5,Zhang et al. 2017a,14.734,14.463,0.016,0.018,20.739,21.640,19.042,0.008,0.302,0.048,,,,,,,,,,,,,,,,,15.935,15.728,15.166,0.081,0.152,0.121,,,20.212,18.702,17.821,,,0.045,0.015,0.011,,,,,,,,,,,,
WISEA J004326.26+222124.0,10.85887575,22.35788509,sdL1,Kirkpatrick et al. 2019,13.667,13.406,0.014,0.012,19.091,21.271,17.544,0.004,0.176,0.012,,,,,,,,,,,,,,,,,14.871,14.226,13.931,0.038,0.039,0.063,,21.394,18.527,17.116,16.396,,0.038,0.006,0.004,0.006,,,,,,,,,,,,
SDSS J004539.96+135032.6,11.41654,13.84242,sdM7.5,Lodieu et al. 2012,17.048,17.205,0.053,0.189,21.178,21.496,20.046,0.021,0.310,0.153,,,,,,,18.755,18.043,,17.630,17.363,0.059,0.055,,0.088,0.100,,,,,,,,21.653,20.341,19.742,19.300,,0.072,0.030,0.021,0.193,,,,,,,,,,,,
2MASS J00554279+1301043,13.92832563,13.01793391,sdM7,Kirkpatrick et al. 2010,14.797,14.565,0.017,0.025,19.241,21.155,17.874,0.004,0.190,0.017,,,,,,,,,,,,,,,,,15.810,15.160,14.828,0.070,0.086,0.089,21.695,20.686,18.472,17.524,17.120,0.105,0.036,0.006,0.012,0.011,,,,,,,,,,,,
2MASS J00575687+2013075,14.486965,20.218761,sdL7,Zhang et al. 2013,15.145,14.714,0.025,0.029,,,,,,,,,,,,,,,,,,,,,,,16.317,15.449,14.974,0.095,0.088,0.134,,,21.289,19.291,18.246,,,0.064,0.022,0.069,,,,,,,,,,,,
SDSS J010448.46+153501.8,16.201957,15.58386,usdL1.5,Zhang et al. 2017b,16.788,16.532,0.047,0.109,,,,,,,,,,,,,18.484,17.929,,18.064,18.077,0.046,0.052,,0.111,0.167,,,,,,,,,20.519,19.489,19.094,,,0.020,0.024,0.026,,,,,,,,,,,,
ULAS J010756.85+100811.3,16.986913,10.13648,sdM7,Zhang et al. 2018c,15.862,15.723,0.027,0.052,,,,,,,,,,,,,19.230,18.694,,17.889,17.179,0.095,0.117,,0.086,0.072,,,,,,,21.764,21.200,20.764,19.850,,0.088,0.113,0.108,0.009,,,,,,,,,,,,,
2MASS J01151621+3130061,18.81785384,31.50170988,sdM8,Burgasser et al. 2004,15.897,15.566,0.029,0.046,20.373,20.924,18.762,0.009,0.259,0.050,,,,,,,,,,,,,,,,,15.889,15.671,15.014,0.099,0.169,0.165,,,19.845,18.405,17.630,,,0.011,0.007,0.015,,,,,,,,,,,,
WISEA J011639.05−165420.5,19.16092901,-16.90588409,sdL0,Schneider et al. 2016,15.658,15.266,0.026,0.037,20.089,21.706,18.499,0.005,0.270,0.023,,,,,,,,,,,,,,,,,15.807,15.334,14.971,0.063,0.089,0.128,21.478,20.671,20.120,19.926,19.659,0.075,0.018,0.037,0.027,0.078,21.329,20.387,20.003,19.715,99.990,19.449,0.014,0.007,0.007,0.011,9.990,0.038
ULAS J011824.89+034130.4,19.603733,3.691786,sdL0,Zhang et al. 2018c,16.805,16.686,0.054,0.123,,,,,,,,,,,,,,,,,,,,,,,,,,,,,,,21.201,20.188,19.551,,,0.051,0.035,0.102,99.990,99.990,21.422,20.105,99.990,19.720,9.990,9.990,0.078,0.056,9.990,0.088
ULAS J011840.73+084424.7,19.669717,8.740205,sdL0,Zhang et al. 2018c,16.666,16.283,0.044,0.090,,,,,,,,,,,,,18.908,17.836,,17.358,17.011,0.086,0.052,,0.063,0.077,,,,,,,,,21.778,20.340,19.672,,,0.018,0.049,0.088,,,,,,,,,,,,
WISEA J013012.66−104732.4,22.5523774,-10.79135358,sdL0,Schneider et al. 2016,14.411,14.056,0.015,0.016,20.081,21.197,18.484,0.006,0.171,0.031,,,,,,,,,,,,,,,,,15.628,15.136,14.825,0.062,0.100,0.118,,,19.622,18.050,17.232,,,0.012,0.002,0.007,,,,,,,,,,,,
LHS 1265,23.74650132,-9.078358223,esdM9.5,Pass et al. 2023,15.292,14.992,0.022,0.031,17.950,19.402,16.787,0.003,0.034,0.007,15.248,,14.613,0.004,,0.010,,,,,,,,,,,15.247,14.810,14.755,0.056,0.071,0.126,19.864,18.463,17.245,16.694,16.451,0.015,0.004,0.004,0.006,0.004,19.938,18.391,17.188,16.672,99.990,16.438,0.016,0.007,0.005,0.004,9.990,0.007
2MASS J01423153+0523285,25.63132421,5.391416958,sdM8.5,Burgasser et al. 2009,15.760,15.458,0.025,0.045,19.264,20.816,17.836,0.004,0.195,0.026,,,,,,,,,,,,,,,,,15.909,15.593,15.600,0.075,0.122,0.224,22.039,20.547,18.463,17.556,17.211,0.095,0.021,0.010,0.004,0.010,,,,,,,,,,,,
WISEA J020201.25−313645.2,30.50578145,-31.60913671,esdL0.5,Kirkpatrick et al. 2019,,,,,19.178,21.411,17.618,0.004,0.136,0.011,,,,,,,,,,,,,,,,,15.335,14.937,14.702,0.050,0.098,0.108,,,,,,,,,,,23.158,21.314,18.044,16.953,99.990,16.714,0.059,0.018,0.003,0.002,9.990,0.005
2MASS J02053376+1238242,31.39062347,12.6400091,sdM8,Lodieu et al. 2017,15.072,14.886,0.017,0.027,18.961,20.969,17.676,0.005,0.159,0.026,,,,,,,16.456,15.872,,15.709,15.590,0.009,0.008,,0.012,0.018,15.907,15.577,15.662,0.064,0.104,0.231,21.859,19.792,18.152,17.406,17.119,0.159,0.027,0.007,0.006,0.016,,,,,,,,,,,,
ULAS J020628.22+020255.6,31.617596,2.048789,sdM7,Zhang et al. 2018c,16.450,15.948,0.035,0.064,,,,,,,,,,,,,18.446,17.654,,17.279,17.096,0.040,0.032,,0.073,0.097,,,,,,,,,20.690,19.646,19.158,,,0.016,0.019,0.040,99.990,22.846,20.500,19.536,99.990,19.118,9.990,0.028,0.011,0.008,9.990,0.025
ULAS J020858.62+020657.0,32.244258,2.11586,esdL3,Zhang et al. 2018b,17.137,16.465,0.062,0.100,,,,,,,,,,,,,18.763,18.000,,17.879,17.623,0.052,0.043,,0.126,0.164,,,,,,,,,21.387,19.994,19.499,,,0.030,0.028,0.062,99.990,99.990,21.114,19.802,99.990,19.513,9.990,9.990,0.016,0.010,9.990,0.026
ULAS J021258.08+064115.9,33.241963,6.688212,sdL1,Zhang et al. 2018c,16.458,16.050,0.038,0.074,,,,,,,,,,,,,18.204,17.425,,17.058,16.783,0.029,0.025,,0.033,0.052,,,,,,,,,20.923,19.604,18.914,,,0.041,0.010,0.039,,,,,,,,,,,,
ULAS J021642.96+004005.7,34.179103,0.668332,sdL4,Zhang et al. 2018a,15.995,15.816,0.027,0.050,,,,,,,17.401,16.922,16.497,0.045,0.059,0.088,18.405,17.303,,16.961,16.506,0.045,0.030,,0.043,0.040,,,,,,,,,21.765,20.304,19.252,,,0.115,0.021,0.018,99.990,23.663,21.524,19.828,99.990,19.227,9.990,0.110,0.018,0.008,9.990,0.019
SDSS J023557.61+010800.5,38.99005239,1.133547966,esdM7,Lodieu et al. 2010,16.402,16.330,0.034,0.087,20.003,20.753,18.739,0.007,0.223,0.048,17.149,16.868,16.712,0.036,0.064,0.099,17.696,17.190,,16.828,16.635,0.025,0.025,,0.028,0.043,,,,,,,21.853,20.494,19.236,18.690,18.371,0.034,0.013,0.006,0.013,0.021,22.169,20.483,19.116,18.644,99.990,18.428,0.022,0.004,0.004,0.004,9.990,0.012
ULAS J023803.12+054526.1,39.512691,5.757596,sdL0,Zhang et al. 2018c,15.253,15.008,0.020,0.030,,,,,,,,,,,,,17.259,16.414,,15.999,15.552,0.016,0.011,,0.014,0.019,16.428,16.178,15.730,0.104,0.164,0.215,,,20.460,18.906,18.075,,,0.018,0.014,0.009,,,,,,,,,,,,
ULAS J024035.36+060629.3,40.14757637,6.10830856,sdM7,Zhang et al. 2018c,16.276,15.989,0.034,0.070,,,,,,,,,,,,,20.358,19.545,,18.658,17.546,0.204,0.163,,0.138,0.127,,,,,,,,,21.553,20.872,20.736,,,0.050,0.116,0.000,,,,,,,,,,,,
Teegardens,43.25371581,16.88128672,sdM8,Rojas-Ayala et al. 2012,12.680,11.703,0.139,0.105,,,,,,,,,,,,,,,,,,,,,,,,,,,,,,14.401,12.294,11.697,11.051,,0.053,0.077,0.001,0.001,,,,,,,,,,,,
Teegardens,43.25371581,16.88128672,sdT1,Greco et al. 2019,14.830,14.094,0.017,0.015,,,,,,,16.585,,15.441,0.013,,0.033,,,,,,,,,,,16.635,15.800,15.579,0.143,0.158,0.234,,,,20.138,18.822,,,,0.046,0.019,99.990,99.990,22.390,19.552,99.990,18.692,9.990,9.990,0.047,0.009,9.990,0.016
Teegardens,43.25371581,16.88128672,esdL1,Kirkpatrick et al. 2019,15.140,14.351,0.020,0.020,18.563,21.075,16.997,0.004,0.212,0.015,,,,,,,,,,,,,,,,,14.441,14.060,13.978,0.026,0.040,0.048,,,17.985,16.579,15.992,,,0.018,0.001,0.001,,,,,,,,,,,,
WISEA J030119.39−231921.1,45.329862,-23.322088,sdL1,Schneider et al. 2016,14.431,14.147,0.014,0.016,20.495,21.656,19.028,0.010,0.394,0.059,,,,,,,,,,,,,,,,,15.797,15.194,14.713,0.057,0.071,0.073,,,20.143,18.489,17.573,,,0.025,0.007,0.013,,,,,,,,,,,,
WISEA J030601.66−033059.0,46.50597296,-3.512627974,sdM7,Bardalez Gagliuffi et al. 2014,15.068,14.842,0.019,0.028,19.030,20.496,17.859,0.004,0.080,0.022,,,,,,,,,,,,,,,,,16.003,15.342,15.327,0.105,0.134,0.149,20.900,19.427,18.320,17.791,17.534,0.037,0.007,0.008,0.008,0.014,,,,,,,,,,,,
2MASS J03084507+3259277,47.18801527,32.99081075,sdM7,Kirkpatrick et al. 2016,15.636,15.395,0.023,0.038,18.565,20.194,17.314,0.003,0.042,0.009,15.663,,15.146,0.008,,0.026,,,,,,,,,,,15.799,15.308,14.938,0.073,0.104,0.137,,,17.818,20.918,,,,0.009,0.087,,20.874,19.176,17.669,17.101,99.990,16.891,0.010,0.003,0.002,0.001,9.990,0.004
LSPM J0330+3504,52.57183207,35.08332729,esdL0,Zhang et al. 2019,15.039,14.771,0.017,0.026,19.928,21.644,18.467,0.006,0.226,0.032,,,,,,,16.814,16.106,,15.765,15.504,0.010,0.006,,0.009,0.019,16.018,15.698,16.630,0.111,0.178,,,21.923,19.222,18.047,17.543,,0.052,0.014,0.009,0.014,,,,,,,,,,,,
ULAS J033351.10+001405.8,53.46144261,0.2350580286,sdM7.5,Kirkpatrick et al. 2016,15.382,15.227,0.024,0.042,18.632,21.211,17.229,0.004,0.173,0.013,15.199,14.848,14.582,0.007,0.010,0.015,15.814,15.230,,14.837,14.499,0.006,0.004,,0.005,0.009,15.230,14.802,14.587,0.037,0.055,0.078,21.278,19.961,17.841,16.936,16.548,0.032,0.013,0.022,0.012,0.026,,,,,,,,,,,,
2MASS J03361338+0010129,54.05565902,0.1702744436,sdM7,Lépine et al. 2005,14.669,14.418,0.016,0.019,18.776,20.615,17.480,0.003,0.087,0.014,,,,,,,,,,,,,,,,,15.587,15.081,15.032,0.060,0.098,0.151,21.032,19.708,18.008,17.254,16.890,0.076,0.016,0.007,0.004,0.004,,,,,,,,,,,,
LSPM J0402+1730,60.67994955,17.5037902,esdT0,Schneider et al. 2020,17.942,16.078,0.069,0.043,,,,,,,19.665,,,0.254,,,,,,,,,,,,,,,,,,,,,,,,,,,,,99.990,99.990,99.990,22.188,99.990,99.990,9.990,9.990,9.990,0.151,9.990,9.990
WISEA J041451.67−585456.7,63.71529,-58.91575,sdT8,Meisner et al. 2020,18.561,16.016,0.196,0.066,,,,,,,18.964,,,0.252,,,,,,,,,,,,,,,,,,,,,,,,,,,,,,,,,,,,,,,,
WISEA J042236.95−044203.5,65.65397329,-4.70098161,esdL1,Kirkpatrick et al. 2019,14.874,14.451,0.023,0.027,19.146,21.596,17.605,0.004,0.157,0.012,,,,,,,,,,,,,,,,,15.011,14.682,14.594,0.031,0.053,0.081,,,18.602,17.174,,,,0.002,0.009,,,,,,,,,,,,,
WISEA J043535.82+211508.9,68.89662723,21.25525956,sdM7,Kirkpatrick et al. 2010,15.338,15.172,0.021,0.036,18.711,20.603,17.340,0.003,0.098,0.008,15.425,,14.920,0.007,,0.025,,,,,,,,,,,15.333,15.103,14.950,0.044,0.070,0.114,21.301,19.846,17.929,17.068,16.704,0.065,0.022,0.004,0.007,0.010,21.469,19.785,17.697,16.958,99.990,16.699,0.021,0.007,0.003,0.002,9.990,0.005
2MASS J04470652-1946392,71.77700103,-19.77750045,esdM8.5,Burgasser et al. 2006,15.617,15.410,0.023,0.038,18.406,20.138,17.123,0.003,0.047,0.007,15.441,,15.230,0.007,,0.031,,,,,,,,,,,15.517,15.249,14.760,0.048,0.082,0.111,20.978,19.163,17.611,,,0.077,0.014,0.004,,,20.952,19.078,17.446,16.875,99.990,99.990,0.020,0.006,0.003,0.003,9.990,9.990
LEHPM 2-59,73.04147126,-22.75259581,esdL0,González-Payo et al. 2021,15.627,15.439,0.020,0.033,20.072,21.553,18.617,0.005,0.281,0.023,16.466,,16.268,0.014,,0.067,,,,,,,,,,,16.256,16.121,15.781,0.097,0.169,,,,,,,,,,,,23.430,21.614,18.953,18.062,99.990,17.833,0.062,0.016,0.004,0.004,9.990,0.011
2MASS J04524567-3608412,73.19036169,-36.14479278,sdL0,Kirkpatrick et al. 2019,15.390,15.139,0.030,0.040,17.919,19.722,16.659,0.003,0.052,0.008,,,,,,,,,,,,,,,,,14.957,14.613,14.300,0.031,0.047,0.062,20.126,18.664,17.161,16.471,16.197,0.055,0.008,0.002,0.010,0.003,,,,,,,,,,,,
WISEA J045921.21+154059.2,74.83716359,15.68466165,esdT0,Brooks et al. 2022,17.265,15.912,0.061,0.055,,,,,,,19.740,,,0.289,,,,,,,,,,,,,,,,,,,,,,,,,,,,,,,,,,,,,,,,
CWISE J052306.42-015355.4,80.7767549,-1.8987341,esdL7,Burgasser et al. 2003,17.460,15.834,0.098,0.046,,,18.495,,,0.027,,,,,,,,,,,,,,,,,,,,,,,,,20.312,18.093,16.948,,,0.057,0.002,0.003,,,,,,,,,,,,
2MASS J05325346+8246465,83.22681047,82.77921139,esdM7.5,Schweitzer et al. 1999,14.043,13.822,0.018,0.016,17.824,19.477,16.562,0.003,0.038,0.007,14.521,,14.393,0.003,,0.014,,,,,,,,,,,14.887,14.453,14.458,0.032,0.035,0.071,20.211,18.507,17.053,16.405,16.119,0.003,0.011,0.003,0.004,0.005,20.281,18.406,16.844,99.990,99.990,16.141,0.017,0.008,0.003,9.990,9.990,0.007
APMPM J0559-2903,89.74551276,-29.05741909,esdL6,Cushing et al. 2009,17.884,16.664,0.049,0.039,,,,,,,16.709,,16.418,0.033,,0.108,,,,,,,,,,,,,,,,,,,,,,,,,,,,,,,,,,,,,,
2MASS J06164006−6407194,94.16692,-64.12208,sdL8,Kirkpatrick et al. 2010,16.002,15.085,0.074,0.037,20.905,21.146,19.232,0.015,0.161,0.078,15.535,,14.514,0.021,,0.029,,,,,,,,,,,15.602,14.696,14.372,0.067,0.070,0.084,,,,,,,,,,,,,,,,,,,,,,
2MASS J06453153−6646120,101.381384,-66.770012,sdT0,Kellogg et al. 2018,15.837,15.483,0.017,0.027,,,,,,,,,,,,,,,,,,,,,,,16.923,16.354,15.900,0.175,0.222,0.274,,,,,,,,,,,,,,,,,,,,,,
WISEA J071121.36-573634.2,107.838935,-57.609644,sdM7.5,Kirkpatrick et al. 2016,13.638,13.407,0.014,0.012,17.772,19.935,16.429,0.003,0.084,0.011,,,,,,,,,,,,,,,,,14.543,14.120,13.878,0.031,0.040,0.043,20.504,18.997,17.032,16.158,15.816,0.035,0.004,0.003,0.003,0.004,,,,,,,,,,,,
LSPM J0723+0316,110.9293666,3.272719799,esdT0,Meisner et al. 2021,17.221,15.821,0.038,0.036,,,,,,,,,,,,,,,,,,,,,,,,,,,,,,,,,,,,,,,,,,,,,,,,,,
CWISE J073844.52−664334.6,114.6855,-66.72628,sdM7,Christopher et al. 2012,16.418,16.246,0.051,0.095,20.916,22.176,19.826,0.016,0.378,0.202,,,,,,,18.405,17.861,,17.439,17.201,0.034,0.039,,0.048,0.067,,,,,,,,21.745,20.125,19.383,19.057,,0.043,0.012,0.021,0.017,,,,,,,,,,,,
ULAS J074431.30+283915.6,116.1301751,28.65466988,sdL0.5,West et al. 2008,13.759,13.443,0.013,0.012,19.424,20.887,17.886,0.018,0.286,0.023,,,,,,,,,,,,,,,,,15.132,14.456,14.247,0.060,0.057,0.073,,21.596,19.011,17.495,16.644,,0.108,0.003,0.009,0.008,,,,,,,,,,,,
SDSS J075054.74+445418.7,117.7282219,44.90555507,sdL0,Zhang et al. 2018c,14.692,14.457,0.017,0.021,20.234,21.401,18.709,0.011,0.219,0.035,,,,,,,16.683,15.874,15.855,15.477,15.091,0.009,0.006,0.007,0.009,0.011,16.021,15.350,15.119,0.069,0.090,0.107,,,19.710,18.231,17.463,,,0.014,0.007,0.009,,,,,,,,,,,,
ULAS J075335.23+200622.4,118.3969223,20.10665993,esdM7.5,West et al. 2011,16.232,15.943,0.033,0.070,19.882,21.248,18.683,0.006,0.132,0.049,,,,,,,,,,,,,,,,,,,,,,,21.846,20.303,19.126,18.580,18.235,0.095,0.010,0.007,0.011,0.041,,,,,,,,,,,,
SDSS J080301.12+354848.5,120.7546363,35.81360307,esdM7.5,Lodieu et al. 2017,16.768,16.663,0.047,0.124,20.384,21.453,19.196,0.008,0.133,0.066,,,,,,,18.134,17.588,,17.288,17.224,0.024,0.024,,0.045,0.068,,,,,,,,20.980,19.607,19.015,18.760,,0.027,0.010,0.011,0.028,,,,,,,,,,,,
SDSS J080605.53+292800.8,121.5229795,29.4670707,esdM7,Lépine et al. 2008,15.526,15.287,0.021,0.035,19.189,20.711,17.988,0.004,0.110,0.020,,,,,,,,,,,,,,,,,16.430,16.173,15.533,0.128,0.226,0.183,,,18.414,,,,,0.009,,,,,,,,,,,,,,
2MASS J08121049+3723223,123.043712,37.38929007,sdL0.5,Zhang et al. 2018c,15.168,14.931,0.019,0.029,20.773,22.262,19.296,0.016,0.251,0.111,,,,,,,17.204,16.340,,15.988,15.570,0.012,0.009,,0.017,0.019,16.422,15.892,15.179,0.126,0.129,0.170,,,20.325,18.795,17.981,,,0.026,0.027,0.021,,,,,,,,,,,,
2MASS J08220659+0441026,125.527477,4.684071,usdM7.5,Lodieu et al. 2019,15.998,15.868,0.032,0.072,18.663,20.301,17.401,0.003,0.095,0.012,,,,,,,,,,,,,,,,,15.717,15.517,15.619,0.058,0.099,0.218,21.150,19.275,17.865,17.237,16.964,0.026,0.008,0.005,0.003,0.010,,,,,,,,,,,,
LSR J0822+1700,125.6406303,17.00525779,sdM7,Lodieu et al. 2017,16.514,16.346,0.038,0.099,20.528,21.301,19.285,0.007,0.204,0.033,,,,,,,17.952,17.372,,16.907,16.684,0.020,0.019,,0.032,0.050,,,,,,,22.039,21.473,19.690,18.900,18.587,0.176,0.031,0.013,0.008,0.024,,,,,,,,,,,,
WISE J082650.64+285251.9,126.7106637,28.88168866,sdM7,Burrows et al. 1989,7.212,6.883,0.018,0.009,12.167,15.103,10.705,0.003,0.005,0.004,,,,,,,12.223,,10.262,,11.037,0.001,,0.000,,0.001,8.235,7.617,7.260,0.013,0.011,0.019,15.485,14.113,11.514,10.539,10.036,0.006,0.003,0.074,0.123,0.126,,,,,,,,,,,,
GJ 1111,127.4556366,26.77600671,esdM7,Kesseli et al. 2019,15.091,14.767,0.020,0.027,17.708,19.245,16.532,0.003,0.028,0.005,,,,,,,,,,,,,,,,,14.907,14.536,14.338,0.034,0.050,0.059,19.882,18.261,16.980,16.398,16.153,0.013,0.008,0.003,0.006,0.007,,,,,,,,,,,,
LP  258-28,127.7152028,36.21578048,sdT9,Zhang et al. 2021,19.081,14.908,,0.025,,,,,,,,,,,,,20.430,,,,,0.212,,,,,,,,,,,,,,,,,,,,,,,,,,,,,,,,
WISE J083337.82+005214.1,128.407613,0.870611,sdL7,Greco et al. 2019,13.387,13.105,0.012,0.010,20.613,21.057,18.990,0.008,0.207,0.045,15.329,,14.057,0.015,,0.018,,17.669,,14.590,14.068,,0.035,,0.005,0.005,15.443,14.504,14.100,0.042,0.040,0.058,,21.903,20.455,18.556,17.485,,0.109,0.027,0.009,0.013,,,,,,,,,,,,
2MASS J08503941-0221528,132.6641425,-2.364694946,esdM7,Lodieu et al. 2017,15.474,15.335,0.019,0.037,19.219,20.708,18.014,0.004,0.091,0.021,,,,,,,,,,,,,,,,,16.386,16.044,15.823,0.103,0.183,0.220,21.340,19.761,18.468,17.870,17.600,0.046,0.018,0.005,0.007,0.013,,,,,,,,,,,,
2MASS J08554875+3636020,133.9529947,36.60044745,sdM7,Rojas-Ayala et al. 2012,9.418,9.234,0.015,0.012,13.413,16.351,11.952,0.003,0.008,0.004,,,,,,,,,,,,,,,,,9.436,8.836,8.437,0.016,0.021,0.015,16.699,,13.031,12.078,10.988,0.008,,0.028,0.005,0.001,,,,,,,,,,,,
LHS 2090,135.0981088,21.83469481,sdM7,Lodieu et al. 2017,13.192,13.022,0.014,0.016,17.051,18.826,15.793,0.003,0.016,0.005,,,,,,,,,,,,,,,,,14.065,13.575,13.396,0.030,0.033,0.034,,,16.307,15.616,15.319,,,0.003,0.006,0.000,,,,,,,,,,,,
LP 426-61,137.2654234,19.69564333,sdT4.5,Burningham et al. 2010,18.059,17.096,0.130,0.182,,,,,,,,,,,,,19.950,18.464,,18.793,,0.145,0.064,,0.122,,,,,,,,,,21.483,21.060,20.250,,,0.047,0.109,0.174,,,,,,,,,,,,
ULAS J092605.47+083516.9,141.522819,8.588039,sdM8.5,Lodieu et al. 2017,16.859,16.866,0.047,0.144,20.892,21.238,19.597,0.015,0.178,0.073,,,,,,,18.156,17.645,,17.487,17.208,0.030,0.029,,0.075,0.077,,,,,,,,21.531,20.090,19.246,18.870,,0.040,0.014,0.026,0.029,,,,,,,,,,,,
SDSS J093244.46+011259.8,143.1852301,1.216638652,sdM8.5,Lodieu et al. 2017,15.961,15.868,0.026,0.057,20.272,20.935,18.891,0.006,0.192,0.036,,,,,,,,,,16.520,16.231,,,,0.029,0.028,16.892,16.267,16.035,0.131,0.192,0.247,,,19.533,,18.178,,,0.014,,0.043,,,,,,,,,,,,
SDSS J094503.44+103600.2,146.2642478,10.60032817,sdL1,Greco et al. 2019,14.326,13.962,0.013,0.014,20.108,21.681,18.553,0.005,0.231,0.023,15.533,,14.752,0.009,,0.025,,,,,,,,,,,15.542,15.019,14.848,0.054,0.065,0.122,,21.704,19.653,18.105,17.235,,0.293,0.012,0.008,0.016,,,,,,,,,,,,
2MASS J09481253-2903268,147.0521206,-29.05753,sdT8,Mace et al. 2013,17.819,14.492,0.101,0.020,,,,,,,,,,,,,18.955,18.047,,18.241,,0.057,0.038,,0.152,,,,,,,,,,,,,,,,,,,,,,,,,,,,,
WISE J095047.32+011733.3,147.696314,1.29345886,esdM8,Lodieu et al. 2017,15.351,15.178,0.019,0.032,19.060,20.612,17.815,0.004,0.093,0.016,,,,,,,,,,,,,,,,,16.213,15.692,15.693,0.071,0.093,0.176,21.472,19.760,18.291,17.602,17.344,0.041,0.013,0.014,0.020,0.005,,,,,,,,,,,,
SDSS J101200.28+204611.6,153.0016487,20.77025031,usdL0,Lodieu et al. 2019,14.550,14.356,0.015,0.022,17.966,20.410,16.548,0.004,0.085,0.008,,,,,,,,,,,,,,,,,14.621,14.382,14.398,0.029,0.048,0.077,20.993,19.251,17.184,16.247,15.904,0.073,0.009,0.001,0.002,0.003,,,,,,,,,,,,
WISEA J101329.72−724619.2,153.377019,-72.773087,sdL2,Kirkpatrick et al. 2016,14.600,14.299,0.026,0.026,20.885,20.389,19.219,0.014,0.473,0.075,15.934,,14.966,0.036,,0.055,,,,,,,,,,,15.974,15.437,15.033,0.078,0.106,0.140,,,,,,,,,,,,,,,,,,,,,,
WISE J102757.73+340143.6,156.9908329,34.03027379,sdM8.5,Lodieu et al. 2017,15.459,15.239,0.019,0.036,19.370,21.227,18.009,0.005,0.129,0.021,,,,,,,,,,,,,,,,,16.158,15.797,15.892,0.099,0.161,0.287,,20.307,18.582,17.754,17.461,,0.082,0.004,0.008,0.008,,,,,,,,,,,,
SDSS J102839.48+593908.2,157.1643792,59.65234296,usdM7.5,West et al. 2008,16.294,16.186,0.026,0.061,19.907,21.234,18.686,0.004,0.097,0.027,,,,,,,,,,,,,,,,,,,,,,,22.004,20.491,19.094,18.484,18.240,0.051,0.015,0.015,0.019,0.032,,,,,,,,,,,,
ULAS J103317.93+053054.1,158.325036,5.515256,sdM7,Lodieu et al. 2017,16.807,16.643,0.047,0.122,,,,,,,,,,,,,18.732,18.119,,17.759,17.575,0.050,0.043,,0.067,0.108,,,,,,,,,20.575,19.817,19.484,,,0.020,0.019,0.068,,,,,,,,,,,,
2MASS J10353492-0711479,158.895517,-7.196647,sdL7,Greco et al. 2019,14.388,14.133,0.031,0.036,,,,,,,16.348,15.661,15.074,0.020,0.022,0.034,,,,,,,,,,,16.393,15.843,15.145,0.093,0.127,0.141,,,21.675,19.506,18.413,,,0.015,0.025,0.069,,,,,,,,,,,,
WISE J103658.89+033620.4,159.2453996,3.606551779,sdM7,Lodieu et al. 2017,16.050,15.892,0.029,0.064,20.162,21.239,18.775,0.007,0.254,0.050,,,,,,,17.410,16.803,,16.426,16.140,0.022,0.021,,0.028,0.038,,,,,,,,21.287,19.397,18.509,18.159,,0.080,0.013,0.009,0.016,,,,,,,,,,,,
SDSS J104410.01+300142.3,161.0421574,30.02863208,esdM7.5,Lodieu et al. 2017,16.479,16.255,0.041,0.085,20.113,21.384,18.899,0.006,0.114,0.044,,,,,,,,,,,,,,,,,16.895,16.264,16.220,0.189,0.218,0.308,21.950,20.556,19.317,18.773,18.518,0.092,0.026,0.004,0.019,0.023,,,,,,,,,,,,
LHS 292,162.0525594,-11.33600297,sdM7,Rojas-Ayala et al. 2012,14.883,14.989,,,12.837,15.941,11.360,0.003,0.007,0.004,,,16.288,,,0.095,,,,,,,,,,,8.857,8.263,7.926,0.013,0.033,0.029,16.320,14.947,13.430,,10.320,0.007,0.023,0.001,,0.003,,,,,,,,,,,,
SDSS J105012.58+085122.6,162.5523765,8.856537898,sdM7,Lodieu et al. 2017,15.826,15.528,0.024,0.047,19.906,21.006,18.584,0.011,0.278,0.048,,,,,,,17.221,16.669,,16.200,16.040,0.017,0.018,,0.023,0.030,16.409,15.600,15.513,0.122,,0.216,,21.043,19.124,18.281,17.949,,0.026,0.019,0.006,0.012,,,,,,,,,,,,
SDSS J105047.16+242241.9,162.6963975,24.37893727,esdM8,West et al. 2011,15.888,15.825,0.024,0.060,19.639,21.069,18.342,0.005,0.199,0.027,,,,,,,,,,,,,,,,,,,,,,,,20.284,18.850,18.160,17.863,,0.042,0.006,0.013,0.013,,,,,,,,,,,,
SDSS J105102.32+133346.9,162.7598106,13.56321967,sdM7.5,Lodieu et al. 2017,15.673,15.388,0.023,0.044,19.679,20.987,18.449,0.006,0.176,0.044,,,,,,,17.331,16.796,,16.347,16.223,0.013,0.012,,0.017,0.039,16.964,16.544,15.676,0.143,0.213,0.199,21.682,20.263,18.891,18.278,18.035,0.036,0.021,0.014,0.010,0.016,,,,,,,,,,,,
SDSS J105449.01+322527.0,163.7042077,32.4243055,usdM7,West et al. 2011,16.587,16.431,0.036,0.094,20.198,20.951,18.997,0.009,0.187,0.063,,,,,,,,,,,,,,,,,,,,,,,22.144,20.611,19.448,18.922,18.670,0.047,0.017,0.007,0.016,0.019,,,,,,,,,,,,
CWISE J105512.11+544328.3,163.8005,54.72453,sdT8,Kirkpatrick et al. 2021,19.113,16.250,0.273,0.066,,,,,,,,,,,,,,,,,,,,,,,,,,,,,,,,,,,,,,,,,,,,,,,,,,
SDSS J105717.29+462102.3,164.3219632,46.35107757,esdM7,West et al. 2011,15.753,15.673,0.021,0.043,19.385,20.716,18.137,0.004,0.089,0.021,,,,,,,,,,,,,,,,,,,,,,,,,18.594,,,,,0.004,,,,,,,,,,,,,,
SDSS J110017.81+011218.6,165.074234,1.205182,sdM7,Lodieu et al. 2017,17.004,17.005,0.059,0.168,,,,,,,,,,,,,,,,,,,,,,,,,,,,,,21.655,20.330,19.602,19.335,,0.017,0.010,0.019,0.027,,,,,,,,,,,,
SDSS J110651.29+044814.9,166.7137226,4.804213265,sdM8.5,Lodieu et al. 2017,15.521,15.422,0.021,0.044,19.555,21.213,18.291,0.007,0.217,0.034,,,,,,,16.941,16.301,,,15.797,0.010,0.009,,,0.021,16.288,15.778,15.476,0.098,0.147,0.224,,20.512,18.766,17.924,17.638,,0.007,0.005,0.010,0.000,,,,,,,,,,,,
ULAS J111429.54+072809.5,168.623085,7.469307,esdL0,Zhang et al. 2018c,16.680,16.158,0.045,0.080,,,,,,,,,,,,,18.289,17.585,,17.256,17.122,0.028,0.028,,0.041,0.070,,,,,,,,,20.718,19.519,19.014,,,0.021,0.016,0.021,,,,,,,,,,,,
2MASS J11264705+5816325,171.6958729,58.27572791,sdL1,Schmidt et al. 2010,14.212,13.973,0.014,0.013,20.500,21.647,18.910,0.006,0.192,0.034,,,,,,,,,,,,,,,,,15.837,15.112,14.543,0.076,0.084,0.083,,21.664,20.102,18.543,17.555,,0.193,0.016,0.009,0.009,,,,,,,,,,,,
SDSS J114452.67-031420.4,176.2194763,-3.238979381,esdM7,Lépine et al. 2008,16.644,16.669,0.044,0.128,20.293,21.492,19.187,0.007,0.184,0.071,,,,,,,,,,17.137,17.007,,,,0.037,0.065,,,,,,,,20.772,19.485,18.904,18.647,,0.024,0.008,0.014,0.019,,,,,,,,,,,,
WISEA J114553.61-250657.1,176.474229,-25.1157092,sdM7,Schneider et al. 2016,14.692,14.510,0.017,0.021,19.081,21.049,17.705,0.004,0.125,0.017,15.629,,14.890,0.007,,0.021,,,,,,,,,,,15.644,15.109,15.079,0.063,0.089,0.153,21.655,20.450,18.329,17.425,16.986,0.059,0.024,0.007,0.006,0.006,,,,,,,,,,,,
2MASS J11582077+0435014,179.5863881,4.584000039,sdL7,Kirkpatrick et al. 2010,16.224,16.007,0.041,0.072,20.698,21.713,19.082,0.010,0.245,0.059,,,,,,,,19.416,,,,,0.183,,,,15.611,14.684,14.439,0.054,0.064,0.063,,,20.800,18.637,17.540,,,0.046,0.020,0.024,,,,,,,,,,,,
ULAS J115826.62+044746.8,179.6109366,4.796389012,sdM9.5,Lodieu et al. 2012,15.642,15.554,0.023,0.048,20.200,21.440,18.712,0.006,0.183,0.030,,,,,,,17.216,16.524,,16.163,15.888,0.014,0.011,,0.014,0.022,16.536,16.079,15.725,0.130,0.201,0.186,,21.578,19.489,18.369,17.892,,0.128,0.011,0.006,0.011,,,,,,,,,,,,
SDSS J120214.61+073113.7,180.5608652,7.520772881,esdM7,Lodieu et al. 2012,16.239,15.971,0.033,0.072,20.222,20.905,19.002,0.006,0.144,0.050,,,,,,,18.059,17.447,,17.041,16.902,0.029,0.029,,0.033,0.051,,,,,,,21.504,20.451,19.413,18.825,18.654,0.064,0.036,0.008,0.023,0.039,,,,,,,,,,,,
ULAS J121508.37+040200.5,183.784814,4.033583172,sdM7,Lodieu et al. 2012,16.642,16.373,0.042,0.097,20.843,22.306,19.613,0.013,0.313,0.105,,,,,,,18.302,17.698,,17.242,17.154,0.039,0.039,,0.046,0.076,,,,,,,,21.323,20.043,19.278,19.006,,0.109,0.032,0.016,0.029,,,,,,,,,,,,
2MASS J12191495+0810307,184.8123102,8.175187105,sdM7,Greco et al. 2019,14.784,14.555,0.016,0.022,19.462,21.173,18.010,0.005,0.162,0.020,,,,,,,16.385,15.740,,15.340,14.936,0.008,0.007,,0.008,0.011,15.780,15.076,14.979,0.084,0.095,0.148,21.819,21.155,18.723,17.644,17.154,0.141,0.061,0.007,0.008,0.006,,,,,,,,,,,,
2MASS J12204296+6205315,185.1787143,62.09198752,sdM7,Greco et al. 2019,15.175,14.846,0.017,0.020,19.143,21.422,17.675,0.004,0.183,0.014,,,,,,,,,,,,,,,,,15.433,14.830,14.730,0.053,0.061,0.085,22.121,20.903,18.404,17.340,16.795,0.187,0.022,0.004,0.004,0.011,,,,,,,,,,,,
2MASS J12270506-0447207,186.7710085,-4.789051744,usdM8.5,Lodieu et al. 2019,14.626,14.516,0.019,0.027,18.280,19.915,17.039,0.003,0.093,0.007,15.426,15.346,15.215,0.011,0.025,0.040,,,,,,,,,,,15.486,15.203,14.874,0.051,0.055,0.121,20.797,18.946,17.542,16.878,16.623,0.036,0.009,0.004,0.008,0.006,,,,,,,,,,,,
ULAS J123142.99+015045.4,187.9295683,1.84592044,sdL0,Zhang et al. 2018c,16.082,15.889,0.029,0.063,,,,,,,,,,,,,18.462,17.541,,17.206,16.779,0.044,0.030,,0.039,0.047,,,,,,,,,21.315,19.931,19.185,,,0.043,0.024,0.024,,,,,,,,,,,,
SDSS J123257.20+410723.5,188.2382139,41.12342639,esdM7,Lépine et al. 2008,16.981,16.880,0.044,0.126,20.571,21.549,19.319,0.008,0.202,0.065,,,,,,,,,,,,,,,,,,,,,,,22.299,21.064,19.802,19.188,18.930,0.168,0.027,0.012,0.012,0.028,,,,,,,,,,,,
ULAS J124104.75-000531.4,190.269796,-0.09207,sdL0,Zhang et al. 2018c,16.879,16.725,0.050,0.131,,,,,,,,,,,,,19.572,18.416,,18.333,17.931,0.110,0.082,,0.096,0.123,,,,,,,,,,20.999,20.157,,,,0.063,0.064,,,,,,,,,,,,
SDSS J124410.11+273625.8,191.042118,27.607178,esdL0.5,Lodieu et al. 2017,16.730,16.619,0.041,0.105,,,,,,,,,,,,,18.282,17.577,,17.322,17.125,0.037,0.027,,0.048,0.063,,,,,,,,21.991,20.396,19.324,18.936,,0.256,0.022,0.009,0.033,,,,,,,,,,,,
ULAS J124425.75+102439.3,191.1082044,10.41199423,esdL0.5,Lodieu et al. 2012,16.823,16.363,0.055,0.095,20.149,21.486,18.683,0.005,0.140,0.021,,,,,,,16.982,16.259,,15.999,15.773,0.010,0.008,,0.011,0.019,16.198,15.650,15.400,0.128,0.160,,,,19.468,18.207,17.706,,,0.030,0.009,0.008,,,,,,,,,,,,
2MASS J12451711+6016103,191.3212584,60.26952058,sdM8.5,Greco et al. 2019,14.729,14.514,0.017,0.019,18.876,20.827,17.510,0.004,0.103,0.013,,,,,,,,,,,,,,,,,15.663,15.297,15.086,0.056,0.104,0.115,21.312,19.970,18.073,17.245,16.899,0.037,0.015,0.004,0.003,0.004,,,,,,,,,,,,
SDSS J124904.38+100413.4,192.2682337,10.07053859,sdM7,Lodieu et al. 2017,16.513,16.223,0.054,0.104,,,,,,,,,,,,,19.542,18.999,,18.360,17.418,0.067,0.065,,0.122,0.087,,,,,,,21.537,20.573,20.341,20.250,20.151,0.044,0.065,0.058,0.046,0.033,,,,,,,,,,,,
ULAS J124947.04+095019.8,192.4454711,9.838254063,sdL1,Zhang et al. 2017a,15.904,15.780,0.026,0.059,20.960,21.545,19.472,0.013,0.315,0.108,,,,,,,17.618,16.827,,16.400,16.124,0.024,0.025,,0.026,0.035,,,,,,,,,20.340,18.989,18.371,,,0.040,0.024,0.016,,,,,,,,,,,,
ULAS J125134.40-005556.7,192.893522,-0.932088,sdM8,Lodieu et al. 2017,17.371,17.628,0.077,0.327,,,,,,,,,,,,,18.823,18.081,,17.805,17.676,0.056,0.054,,0.084,0.140,,,,,,,,22.205,20.575,19.729,19.416,,0.194,0.020,0.029,0.049,,,,,,,,,,,,
ULAS J125226.62+092920.1,193.110947,9.48892,sdL0.5,Zhang et al. 2018c,15.802,15.443,0.026,0.041,,,,,,,,,,,,,17.691,16.868,,16.467,16.047,0.024,0.020,,0.024,0.030,,,,,,,,,20.742,19.252,18.466,,,0.032,0.015,0.009,,,,,,,,,,,,
SDSS J125508.35+294939.1,193.785008,29.82761035,usdM7,Ahumada et al. 2020,16.452,16.565,0.032,0.095,20.035,20.929,18.898,0.005,0.103,0.030,,,,,,,17.868,17.312,,17.008,16.876,0.024,0.021,,0.035,0.055,,,,,,,22.010,20.402,19.287,18.749,18.517,0.060,0.020,0.013,0.008,0.029,,,,,,,,,,,,
SSSPM J1256-1408,194.0583877,-14.14456044,sdM9,Kirkpatrick et al. 2016,14.063,13.920,0.013,0.017,17.565,20.199,16.112,0.003,0.064,0.005,13.980,13.690,13.521,0.003,0.004,0.009,,,,,,,,,,,14.011,13.618,13.444,0.025,0.032,0.036,20.867,19.183,16.814,15.778,15.361,0.095,0.013,0.003,0.003,0.005,,,,,,,,,,,,
SDSS J125637.13−022452.4,194.1547408,-2.414518405,usdL3,Zhang et al. 2013,15.253,14.994,0.019,0.030,20.024,21.499,18.518,0.006,0.161,0.034,,,,,,,,,,16.078,,,,,0.016,,16.099,15.792,15.439,0.105,0.148,,,21.844,19.451,18.095,17.510,,0.161,0.017,0.021,0.010,,,,,,,,,,,,
SDSS J125938.97+493404.2,194.9125197,49.56786989,esdM7,West et al. 2011,16.232,16.087,0.027,0.058,20.067,21.448,18.883,0.005,0.137,0.027,,,,,,,,,,,,,,,,,,,,,,,21.942,20.628,19.289,18.683,18.435,0.075,0.029,0.012,0.008,0.013,,,,,,,,,,,,
2MASSW J1300425+191235,195.1771175,19.20961074,sdL1,Bardalez Gagliuffi et al. 2014,12.447,12.184,0.015,0.009,17.491,20.875,15.882,0.003,0.128,0.005,,,,,,,,,,,,,,,,,12.717,12.080,11.624,0.018,0.021,0.018,21.865,19.584,17.154,15.542,14.546,0.096,0.006,0.000,0.002,0.005,,,,,,,,,,,,
SDSS J130615.20+045908.8,196.5633202,4.985913993,sdM7,Lodieu et al. 2017,16.094,15.967,0.028,0.067,20.237,21.558,18.930,0.007,0.186,0.046,,,,,,,17.668,17.074,,16.637,16.401,0.020,0.020,,0.033,0.043,,,,,,,,20.993,19.438,18.661,18.358,,0.014,0.010,0.009,0.003,,,,,,,,,,,,
ULAS J130710.22+151103.4,196.792585,15.184303,sdL8,Zhang et al. 2018c,16.282,16.177,0.031,0.070,,,,,,,,,,,,,19.307,18.139,,17.531,,0.074,0.042,,0.066,,,,,,,,,21.896,21.480,,,,0.188,0.158,,,,,,,,,,,,,,
SDSS J130852.73+391142.8,197.2200713,39.19536732,sdM7,West et al. 2011,16.088,15.883,0.025,0.051,20.103,21.095,18.836,0.005,0.131,0.033,,,,,,,,,,,,,,,,,,,,,,,22.048,20.932,19.313,18.567,18.270,0.108,0.029,0.010,0.014,0.034,,,,,,,,,,,,
ULAS J131610.28+075553.0,199.04283,7.93139,sdT6.5,Burningham et al. 2014,18.619,16.255,0.219,0.084,,,,,,,,,,,,,,,,,,,,,,,,,,,,,,,,,,,,,,,,,,,,,,,,,,
ULAS J131705.66+091016.9,199.2736454,9.171737369,esdM7,Lodieu et al. 2012,16.270,16.108,0.030,0.070,20.126,21.021,18.968,0.006,0.118,0.044,,,,,,,17.843,17.311,,16.940,16.738,0.027,0.025,,0.034,0.049,,,,,,,22.047,20.678,19.337,18.918,18.534,0.057,0.025,0.018,0.101,0.018,,,,,,,,,,,,
SDSS J131822.82-011150.1,199.595082,-1.197249,esdM8,Lodieu et al. 2017,17.152,17.293,0.061,0.220,20.822,21.744,19.788,0.017,0.286,0.120,,,,,,,18.530,17.949,,17.805,17.633,0.036,0.042,,0.086,0.107,,,,,,,,21.364,20.079,19.426,19.189,,0.047,0.022,0.025,0.022,,,,,,,,,,,,
ULAS J131943.77+120900.2,199.932377,12.150072,sdT5,Burningham et al. 2010,12.747,12.575,0.014,0.010,16.734,18.384,15.499,0.003,0.014,0.004,,,,,,,14.276,13.698,,13.196,12.888,0.003,0.001,,0.002,0.003,13.736,13.119,12.835,0.020,0.021,0.024,18.746,17.468,16.016,15.346,15.017,0.009,0.005,0.002,0.003,0.004,,,,,,,,,,,,
ULAS J132012.11+053943.6,200.050788,5.662234,esdM7.5,Lodieu et al. 2017,17.976,17.399,0.117,0.234,,,,,,,,,,,,,19.327,18.783,,18.208,18.096,0.087,0.106,,0.100,0.178,,,,,,,,22.115,20.792,20.223,19.871,,0.196,0.026,0.028,0.039,,,,,,,,,,,,
ULAS J132823.25+302144.8,202.0976613,30.36246629,sdM7,Lodieu et al. 2017,17.202,16.774,0.055,0.120,20.829,21.066,19.652,0.012,0.487,0.100,,,,,,,18.406,17.911,,17.421,17.309,0.032,0.031,,0.037,0.075,,,,,,,,21.625,19.982,19.335,19.193,,0.062,0.230,0.072,0.067,,,,,,,,,,,,
2MASS J13334822+2735115,203.451008,27.585803,sdL1,Kirkpatrick et al. 2016,15.483,15.344,0.021,0.037,20.966,21.372,19.494,0.020,0.241,0.149,,,,,,,17.466,16.616,,16.270,15.976,0.016,0.013,,0.017,0.021,16.659,16.316,15.895,0.127,0.193,0.217,,,20.447,18.938,18.273,,,0.022,0.005,0.020,,,,,,,,,,,,
SDSS J133837.01-022908.4,204.654212,-2.48568,sdL7,Zhang et al. 2017a,15.776,15.607,0.026,0.046,,,,,,,,,,,,,18.564,17.374,,16.813,16.367,0.059,0.033,,0.042,0.045,,,,,,,,,,20.550,19.541,,,,0.047,0.053,,,,,,,,,,,,
ULAS J134206.86+053724.9,205.5288103,5.62411342,sdL0.5,Zhang et al. 2018c,16.300,15.978,0.031,0.057,,,,,,,,,,,,,18.375,17.425,,17.006,16.558,0.037,0.026,,0.028,0.037,,,,,,,,,21.550,20.052,19.233,,,0.040,0.038,0.039,,,,,,,,,,,,
ULAS J134423.98+280603.8,206.09994,28.101073,sdL4,Zhang et al. 2018c,15.608,15.366,0.021,0.034,,,,,,,,,,,,,,,,,,,,,,,,,,,,,,,22.078,20.363,19.302,,,0.085,0.039,0.047,,,,,,,,,,,,
WISE J134555.25+022247.2,206.4802199,2.380404085,esdM7.5,Lodieu et al. 2017,16.061,15.921,0.029,0.062,19.768,21.064,18.511,0.004,0.112,0.022,,,,,,,17.342,16.782,,16.437,16.252,0.017,0.019,,0.024,0.034,,,,,,,22.084,20.417,18.987,18.299,18.020,0.092,0.022,0.009,0.006,0.013,,,,,,,,,,,,
SDSS J134749.74+333601.7,206.9571575,33.60049377,sdL0,West et al. 2011,14.694,14.396,0.016,0.018,20.343,21.494,18.728,0.006,0.204,0.024,,,,,,,16.663,15.846,,15.460,15.267,0.012,0.009,,0.009,0.017,16.012,15.452,15.206,0.084,0.115,0.139,20.006,18.804,19.853,18.350,17.525,,,0.014,0.005,0.008,,,,,,,,,,,,
ULAS J134852.93+101611.8,207.220558,10.269968,sdL0,Zhang et al. 2018c,15.396,15.099,0.020,0.030,,,,,,,,,,,,,17.543,16.691,,16.320,15.871,0.016,0.010,,0.012,0.018,,,,,,,,,20.742,19.309,18.360,,,0.020,0.015,0.060,,,,,,,,,,,,
SDSS J135053.40+235024.3,207.7231129,23.84022032,sdM7,Lodieu et al. 2017,15.830,15.698,0.023,0.046,19.581,20.812,18.439,0.004,0.078,0.021,,,,,,,17.416,16.890,,16.474,16.287,0.016,0.015,,0.022,0.033,,,,,,,21.524,19.982,18.824,18.334,18.092,0.062,0.029,0.008,0.007,0.019,,,,,,,,,,,,
ULAS J135058.86+081506.8,207.745248,8.251911,usdL3,Burningham et al. 2010,17.271,16.954,0.064,0.147,,,,,,,,,,,,,18.695,18.023,,18.192,18.247,0.052,0.048,,0.134,0.236,,,,,,,,,21.142,19.780,19.288,,,0.067,0.044,0.094,,,,,,,,,,,,
2MASS J13512249+1419168,207.843472,14.32123358,esdM7,Zhang et al. 2018c,16.057,16.071,0.026,0.065,19.976,21.510,18.556,0.005,0.185,0.024,,,,,,,16.990,16.329,,15.953,15.590,0.012,0.008,,0.016,0.015,16.433,16.069,15.681,0.100,0.188,0.237,,21.526,19.244,18.164,17.681,,0.044,0.009,0.008,0.006,,,,,,,,,,,,
LSPM J1351+5506,207.869115,55.1159574,esdM7,Lodieu et al. 2017,14.761,14.621,0.014,0.016,18.470,20.044,17.231,0.003,0.063,0.012,,,,,,,,,,,,,,,,,15.675,15.135,15.068,0.059,0.084,0.127,20.709,19.055,17.699,17.091,16.823,0.034,0.010,0.007,0.004,0.007,,,,,,,,,,,,
ULAS J135216.31+312327.0,208.0694546,31.39106923,esdL0.5,Zhang et al. 2018c,16.087,15.963,0.027,0.056,20.698,21.364,19.228,0.009,0.231,0.060,,,,,,,17.691,16.925,,16.656,16.407,0.022,0.018,,0.035,0.042,,,,,,,,,19.954,18.801,18.360,,,0.016,0.011,0.035,,,,,,,,,,,,
ULAS J135359.58+011856.7,208.49827,1.315773,sdL0,Zhang et al. 2018c,16.161,15.959,0.046,0.074,,,,,,,,,,,,,18.261,17.356,,16.893,16.524,0.044,0.029,,0.032,0.041,,,,,,,,,21.491,19.935,19.083,,,0.044,0.027,0.026,,,,,,,,,,,,
WISEA J135501.90−825838.9,208.76349,-82.977089,sdL5,Kirkpatrick et al. 2016,,,,,,,,,,,16.405,,14.922,0.022,,0.027,,,,,,,,,,,16.135,15.310,14.721,0.127,0.132,0.137,,,,,,,,,,,,,,,,,,,,,,
SDSS J141053.86+621742.6,212.7245297,62.29510459,esdM8,West et al. 2008,16.202,16.189,0.022,0.051,19.957,21.212,18.684,0.005,0.132,0.035,,,,,,,,,,,,,,,,,16.918,16.499,16.247,0.164,0.208,,21.587,20.548,19.170,18.535,18.296,0.145,0.025,0.009,0.018,0.013,,,,,,,,,,,,
2MASS J14114474-4524153,212.9361037,-45.40430258,sdM9,Kirkpatrick et al. 2016,13.990,13.776,0.008,0.010,18.329,21.225,16.847,0.004,0.149,0.009,,,,,,,,,,,,,,,,,14.580,14.061,13.903,0.034,0.036,0.050,,,,,,,,,,,,,,,,,,,,,,
2MASS J14120397+1216100,213.016546,12.269448,sdL5,Zhang et al. 2018c,14.793,14.512,0.016,0.019,,,,,,,,,,,,,17.540,16.325,,15.851,15.430,0.017,0.010,,0.014,0.015,16.391,15.574,15.535,0.114,0.129,0.186,,,21.350,19.440,18.386,,,0.034,0.023,0.031,,,,,,,,,,,,
SDSS J141405.74−014202.7,213.523622,-1.701041,esdL0,Lodieu et al. 2017,15.753,15.528,0.031,0.047,20.616,21.535,19.184,0.010,0.326,0.073,,,,,,,17.498,16.807,,16.455,16.143,0.027,0.024,,0.027,0.031,,,,,,,,,19.883,18.726,18.201,,,0.014,0.009,0.015,,,,,,,,,,,,
ULAS J141623.94+134836.3,214.099759,13.810089,sdT7.5,Burgasser et al. 2010,16.046,12.831,0.031,0.011,,,,,,,,,,,,,18.162,17.259,,17.581,18.933,0.027,0.017,,0.030,0.244,,,,,,,,,,20.903,19.803,,,,0.137,0.064,,,,,,,,,,,,
SDSS J141624.08+134826.7,214.1003082,13.80727591,sdL7,Abazajian et al. 2009,11.352,11.025,0.018,0.013,18.354,21.552,16.682,0.004,0.204,0.010,,,,,,,14.352,13.066,,12.503,12.107,0.003,0.001,,0.001,0.002,13.148,12.456,12.114,0.021,0.027,0.021,,20.419,18.347,16.303,15.214,,0.013,0.008,0.006,0.003,,,,,,,,,,,,
2MASS J14183233+0253259,214.6348751,2.890459981,sdL0,Zhang et al. 2018c,14.821,14.468,0.016,0.019,20.551,20.498,19.048,0.011,0.357,0.048,,,,,,,16.865,15.999,,15.611,15.185,0.010,0.010,,0.015,0.013,15.923,15.704,15.005,0.086,0.136,0.141,,,20.098,18.555,17.694,,,0.014,0.013,0.008,,,,,,,,,,,,
ULAS J142320.79+011638.2,215.83663,1.27728,sdT8,Mace et al. 2013,17.884,14.776,0.117,0.025,,,,,,,,,,,,,,,,,,,,,,,,,,,,,,,,,,,,,,,,,,,,,,,,,,
LSPM J1425+7102,216.2709223,71.0360241,sdM8,Lépine et al. 2013,14.902,14.642,0.017,0.017,17.887,19.814,16.581,0.003,0.054,0.006,,,,,,,,,,,,,,,,,14.775,14.405,14.328,0.034,0.054,0.091,20.484,18.866,17.135,16.349,16.023,0.070,0.004,0.004,0.002,0.017,,,,,,,,,,,,
LHS 2924,217.1801147,33.17757203,sdM9,Boeshaar et al. 1985,11.466,11.154,0.014,0.010,16.635,19.813,15.064,0.003,0.033,0.004,,,,,,,,,,,,,,,,,11.990,11.225,10.744,0.017,0.027,0.023,20.567,18.488,16.210,14.760,13.850,0.041,0.006,0.004,0.005,0.005,,,,,,,,,,,,
2MASS J14313097+1436539,217.8788524,14.61495878,sdL1,Sheppard et al. 2009,13.716,13.445,0.012,0.011,19.962,21.664,18.405,0.006,0.256,0.038,,,,,,,,,,,,,,,,,15.151,14.501,14.125,0.039,0.047,0.062,22.477,21.934,19.619,17.989,17.039,0.194,0.053,0.025,0.008,0.016,,,,,,,,,,,,
ULAS J143154.18-004114.3,217.975761,-0.687308,sdM9,Zhang et al. 2018c,15.720,15.570,0.072,0.087,,,,,,,,,,,,,17.925,17.193,,16.844,16.484,0.034,0.031,,0.037,0.048,,,,,,,,,20.504,19.397,18.803,,,0.032,0.018,0.051,,,,,,,,,,,,
2MASS J14343616+2202463,218.6507107,22.04624433,sdM9,Sheppard et al. 2009,14.093,13.749,0.015,0.013,19.199,21.683,17.575,0.005,0.193,0.010,,,,,,,,,,,,,,,,,14.519,13.833,13.545,0.034,0.040,0.041,,21.453,18.819,17.145,16.229,,0.032,0.010,0.009,0.022,,,,,,,,,,,,
2MASS J14351706-0147115,218.8212141,-1.786508246,sdM9,Zhang et al. 2018c,15.269,15.102,0.019,0.030,20.462,21.295,18.974,0.009,0.298,0.057,,,,,,,17.200,16.389,,15.969,15.620,0.016,0.014,,0.016,0.021,16.430,15.991,15.770,0.100,0.168,0.259,,,19.761,18.519,17.903,,,0.016,0.007,0.013,,,,,,,,,,,,
SDSS J143645.25+310914.7,219.1887896,31.1541942,esdM7,Lépine et al. 2008,16.245,15.937,0.029,0.052,19.849,21.141,18.634,0.004,0.113,0.031,,,,,,,,,,,,,,,,,,,,,,,21.862,20.457,19.090,18.486,18.218,0.034,0.015,0.005,0.006,0.020,,,,,,,,,,,,
LHS 377,219.7512861,18.66075282,sdM7,Kesseli et al. 2019,13.074,12.826,0.012,0.010,16.443,18.628,15.087,0.003,0.028,0.004,,,,,,,,,,,,,,,,,13.194,12.733,12.479,0.026,0.029,0.024,,,15.700,,14.483,,,0.003,,0.004,,,,,,,,,,,,
2MASS J14394298-1100430,219.9290601,-11.0120408,sdL1,Greco et al. 2019,18.031,18.128,0.156,0.503,20.462,21.349,18.956,0.009,0.344,0.062,15.884,15.483,14.991,0.022,0.023,0.031,,,,,,,,,,,15.837,15.365,15.038,0.086,0.098,0.145,,,20.060,18.496,17.601,,,0.023,0.006,0.023,,,,,,,,,,,,
2MASS J14405684-2225149,220.2367562,-22.42092495,sdM8.5,Greco et al. 2019,14.096,13.876,0.015,0.016,18.552,20.717,17.138,0.004,0.138,0.013,15.048,,14.351,0.006,,0.017,,,,,,,,,,,15.077,14.688,14.453,0.048,0.057,0.087,21.165,19.960,17.851,16.849,16.396,0.074,0.013,0.022,0.004,0.005,,,,,,,,,,,,
BRLT 253,220.464808,4.627355,sdL4,Zhang et al. 2018c,15.933,15.601,0.031,0.058,,,,,,,,,,,,,18.443,17.326,,16.784,16.408,0.041,0.028,,0.039,0.043,,,,,,,,,21.712,20.212,19.290,,,0.137,0.026,0.020,,,,,,,,,,,,
SSSPM J1444-2019,221.0847404,-20.3237455,sdL0,Kirkpatrick et al. 2016,15.626,15.154,0.099,0.071,16.653,20.290,15.084,0.003,0.105,0.005,,,,,,,,,,,,,,,,,,,,,,,,19.306,16.067,14.673,14.121,,0.021,0.003,0.002,0.002,,,,,,,,,,,,
ULAS J145234.65+043738.4,223.1444,4.627375,esdL0.5,Zhang et al. 2018c,16.172,15.966,0.030,0.060,,,,,,,,,,,,,18.108,17.284,,16.789,16.618,0.035,0.032,,0.038,0.057,,,,,,,,,20.759,19.450,18.946,,,0.042,0.014,0.038,,,,,,,,,,,,
SDSS J145255.58+272324.4,223.2318279,27.39043045,sdL1,Schmidt et al. 2010,13.644,13.379,0.015,0.012,19.568,21.641,17.992,0.004,0.149,0.014,,,,,,,,,,,,,,,,,14.924,14.356,14.083,0.035,0.042,0.061,,,19.152,17.545,,,,0.024,0.011,,,,,,,,,,,,,
ULAS J150457.65+053800.8,226.240234,5.633563,sdT5.5,Zhang et al. 2019,18.346,16.139,0.179,0.078,,,,,,,,,,,,,17.645,16.591,,17.051,17.413,0.022,0.016,,0.037,0.093,,,,,,,,,,21.423,19.338,,,,0.091,0.014,,,,,,,,,,,,
SIPS J1512-0112,228.0742763,-1.209556399,sdM7,Lodieu et al. 2017,15.097,14.861,0.019,0.030,18.387,20.242,17.039,0.004,0.112,0.013,,,,,,,15.807,15.202,,14.796,14.522,0.007,0.006,,0.007,0.009,15.244,14.873,14.469,0.051,0.058,0.082,,19.397,17.639,16.823,16.507,,0.012,0.003,0.004,0.003,,,,,,,,,,,,
BRLT 283,229.207706,8.601982,sdL5,Zhang et al. 2018c,15.614,15.358,0.022,0.038,,,,,,,,,,,,,18.741,17.349,,16.705,16.258,0.041,0.019,,0.025,0.029,,,,,,,,,,20.651,19.574,,,,0.051,0.052,,,,,,,,,,,,
ULAS J151913.03-000030.0,229.804328,-0.00836,esdL4,Zhang et al. 2017a,16.343,16.020,0.033,0.073,,,,,,,,,,,,,18.193,17.206,,17.066,16.968,0.031,0.021,,0.027,0.042,,,,,,,,,21.364,19.634,18.856,,,0.072,0.019,0.023,,,,,,,,,,,,
WISE J152434.49+002057.5,231.1442728,0.3494161722,sdM7,Lodieu et al. 2017,16.400,16.180,0.033,0.080,20.466,20.816,19.036,0.015,0.229,0.155,,,,,,,17.871,17.212,,16.813,16.598,0.022,0.020,,0.022,0.032,,,,,,,,21.626,19.735,18.855,18.585,,0.041,0.015,0.008,0.019,,,,,,,,,,,,
SDSS J153037.83+495205.7,232.6578633,49.86824787,sdM7,Lépine et al. 2008,15.728,15.602,0.018,0.030,19.791,21.246,18.465,0.005,0.124,0.036,,,,,,,,,,,,,,,,,16.857,16.034,15.545,0.181,0.203,0.244,22.001,20.696,18.983,18.253,17.955,0.079,0.037,0.005,0.009,0.014,,,,,,,,,,,,
2MASS J15412408+5425598,235.3503962,54.43334474,sdM7.5,Burgasser et al. 2004,14.934,14.772,0.014,0.016,20.158,21.765,18.666,0.006,0.211,0.032,,,,,,,,,,,,,,,,,15.933,15.670,15.354,0.078,0.167,0.171,,21.909,19.460,18.237,17.636,,0.159,0.016,0.008,0.013,,,,,,,,,,,,
ULAS J154638.34-011213.0,236.659758,-1.203638,sdL3,Zhang et al. 2018c,16.215,16.122,0.032,0.072,,,,,,,,,,,,,18.559,17.509,,17.206,16.949,0.048,0.040,,0.049,0.077,,,,,,,,,21.927,20.365,19.319,,,0.191,0.074,0.050,,,,,,,,,,,,
2MASS J15522538+0951585,238.1057838,9.866294068,sdM7,Greco et al. 2019,14.735,14.513,0.015,0.019,19.501,21.373,18.044,0.006,0.158,0.016,,,,,,,,,,,,,,,,,15.923,15.360,15.164,0.088,0.082,0.147,,21.034,18.766,17.676,17.151,,0.138,0.009,0.010,0.005,,,,,,,,,,,,
WISE J155349.98+693355.2,238.458286,69.56534,sdT3,Meisner et al. 2021,17.132,15.617,0.033,0.028,,,,,,,,,,,,,,,,,,,,,,,,,,,,,,,,,,,,,,,,,,,,,,,,,,
2MASS J15561873+1300527,239.0780633,13.01464465,sdM8,West et al. 2011,14.790,14.527,0.017,0.019,20.376,21.611,18.850,0.005,0.157,0.026,,,,,,,,,,,,,,,,,15.910,15.779,14.846,0.073,0.157,0.102,,,19.864,18.398,17.613,,,0.009,0.011,0.006,,,,,,,,,,,,
SDSS J155707.09+283531.5,239.2795825,28.59224086,usdM7,Adelman-McCarthy et al. 2008,16.384,16.240,0.049,0.088,20.025,21.145,18.822,0.004,0.104,0.022,,,,,,,,,,,,,,,,,,,,,,,22.261,20.538,19.268,18.727,18.493,0.013,0.036,0.007,0.034,0.023,,,,,,,,,,,,
2MASS J16141954-8151154,243.5819541,-81.85431825,usdM9,Kirkpatrick et al. 2016,15.276,15.049,0.019,0.024,17.757,19.474,16.511,0.003,0.045,0.006,14.970,,14.838,0.006,,0.029,,,,,,,,,,,14.942,14.806,14.711,0.036,0.055,0.099,,,,,,,,,,,,,,,,,,,,,,
2MASS J16262034+3925190,246.5838887,39.42208017,usdL4,Zhang et al. 2013,14.181,13.859,0.010,0.010,18.373,21.355,16.797,0.003,0.144,0.007,,,,,,,,,,,,,,,,,14.435,14.533,14.466,0.026,0.049,0.074,22.238,20.755,17.895,16.353,15.786,0.183,0.003,0.004,0.006,0.007,,,,,,,,,,,,
2MASS J16403197+1231068,250.1331099,12.51848943,esdL0,Burgasser et al. 2004,15.049,14.876,0.018,0.024,19.839,21.567,18.352,0.004,0.180,0.016,,,,,,,,,,,,,,,,,15.946,15.605,15.520,0.077,0.112,,,21.941,,,17.442,,0.084,,,0.044,,,,,,,,,,,,
2MASS J16403561+2922225,250.1483975,29.3729562,sdM8,Burgasser et al. 2004,14.475,14.250,0.014,0.015,19.441,21.767,18.067,0.004,0.181,0.029,,,,,,,16.181,15.528,15.507,15.143,14.727,0.007,0.005,0.006,0.006,0.009,15.703,15.076,14.675,0.064,0.071,0.087,22.427,21.355,18.727,17.561,17.012,0.182,0.024,0.006,0.006,0.007,,,,,,,,,,,,
SDSS J164451.75+310352.8,251.2155915,31.06478352,esdM8,Lépine et al. 2008,16.479,16.470,0.029,0.075,20.258,21.191,18.950,0.006,0.219,0.042,,,,,,,17.901,17.344,17.270,17.033,16.799,0.022,0.022,0.022,0.021,0.048,,,,,,,22.362,20.965,19.479,18.785,18.510,0.188,0.016,0.009,0.008,0.025,,,,,,,,,,,,
Gl 644 C,253.8968989,-8.394653631,sdM7,Bardalez Gagliuffi et al. 2019,9.774,9.366,0.010,0.007,13.813,17.053,12.324,0.003,0.006,0.004,10.333,,9.905,0.001,,0.001,,,,,,,,,,,9.776,9.201,8.816,0.026,0.022,0.021,,16.029,13.246,,10.359,,0.004,0.003,,0.004,,,,,,,,,,,,
SDSS J165850.26+182000.6,254.7096132,18.33335691,sdL1,West et al. 2008,14.067,13.802,0.013,0.013,20.352,21.436,18.770,0.006,0.155,0.039,,,,,,,,,,,,,,,,,15.484,14.909,14.572,0.056,0.069,0.095,,22.056,19.908,18.392,17.468,,0.066,0.016,0.013,0.019,,,,,,,,,,,,
GJ 660.1B,258.2133853,-5.123730413,sdM7,Aganze et al. 2016,8.893,8.738,0.015,0.010,10.872,11.847,9.891,0.003,0.003,0.004,17.255,,,0.068,,,,,,,,,,,,,8.661,8.069,7.937,0.019,0.041,0.019,12.665,10.667,14.446,10.518,10.403,0.001,0.102,0.002,0.032,0.057,,,,,,,,,,,,
2MASS J17561080+2815238,269.0448777,28.25651506,sdL1,Kirkpatrick et al. 2010,14.397,14.023,0.015,0.014,19.380,21.199,17.788,0.004,0.152,0.015,,,,,,,,,,,,,,,,,14.712,14.135,13.813,0.031,0.040,0.040,,21.542,19.029,17.380,16.413,,0.031,0.007,0.009,0.006,,,,,,,,,,,,
WISEA J181006.18−101000.5,272.52575,-10.16681,esdT0,Schneider et al. 2020,16.084,15.819,0.042,0.081,,,,,,,,,,,,,,,,,,,,,,,,,,,,,,,21.829,20.976,,,,0.186,0.091,,,,,,,,,,,,,
2MASS J18201045+2021263,275.0435869,20.3573279,sdM8.5,Greco et al. 2019,14.394,14.227,0.015,0.015,18.442,20.293,17.139,0.003,0.073,0.008,,,,,,,,,,,,,,,,,15.188,14.802,14.606,0.049,0.071,0.075,20.686,19.368,17.680,16.927,16.599,0.037,0.022,0.013,0.009,0.015,,,,,,,,,,,,
LSR J1826+3014,276.5458466,30.23857652,sdL0,Lépine et al. 2002,14.180,13.724,0.042,0.037,,,,,,,,,,,,,,,,,,,,,,,11.659,11.175,10.811,0.016,0.014,0.017,20.032,18.516,15.481,13.990,13.176,0.008,0.004,0.002,0.002,0.013,,,,,,,,,,,,
2MASS J18353790+3259545,278.9078338,32.99814336,sdM8,Berger et al. 2006,15.103,14.910,,,14.851,18.456,13.306,0.003,0.014,0.004,,,,,,,,,,,,,,,,,10.270,9.617,9.171,0.018,0.019,0.016,18.976,20.903,14.446,12.979,12.188,0.002,0.479,0.007,0.003,0.023,,,,,,,,,,,,
2MASS J18355309-3217129,278.9713018,-32.2868673,sdM7,Kirkpatrick et al. 2010,14.553,14.351,0.017,0.020,19.138,20.623,17.520,0.005,0.164,0.024,15.374,,14.662,0.015,,0.033,,,,,,,,,,,15.438,15.070,14.712,0.046,0.088,0.093,,,,,,,,,,,,,,,,,,,,,,
V* V492 Lyr,280.8421916,40.67259551,sdM7,Kirkpatrick et al. 2016,11.155,10.872,0.015,0.010,15.408,18.496,13.924,0.003,0.017,0.004,,,,,,,,,,,,,,,,,11.313,10.688,10.308,0.018,0.019,0.016,18.867,17.467,14.840,13.587,12.905,0.000,0.012,0.002,0.005,0.010,,,,,,,,,,,,
SSSPM J1930-4311,292.4208556,-43.17674029,sdM7,Luhman et al. 2014a,14.876,14.573,0.021,0.026,17.899,19.695,16.569,0.003,0.055,0.007,14.747,,14.150,0.007,,0.013,,,,,,,,,,,14.794,14.230,14.091,0.029,0.055,0.058,,,,,,,,,,,,,,,,,,,,,,
WISE J194128.98−342335.8,295.3697924,-34.39184815,sdM8,Luhman et al. 2014b,14.215,13.971,0.022,0.019,18.672,20.931,17.071,0.006,0.165,0.015,14.440,,13.668,0.004,,0.007,,,,,,,,,,,14.513,13.964,13.690,0.032,0.045,0.051,,,,,,,,,,,,,,,,,,,,,,
PM J19418-0208,295.4705268,-2.14609407,sdM8,Kirkpatrick et al. 2016,14.448,14.181,0.014,0.017,,,,,,,,,,,,,,,,,,,,,,,15.719,15.334,15.211,0.070,0.109,0.170,21.005,19.525,17.329,16.328,15.953,0.044,0.001,0.010,0.002,0.005,,,,,,,,,,,,
WISE J200520.38+542433.9,301.33492,54.40942,sdT8,Mace et al. 2013,18.103,16.409,0.093,0.061,,,,,,,,,,,,,,,,,,,,,,,,,,,,,,,,,,,,,,,,,,,,,,,,,,
2MASS J20115649-6201127,302.985203,-62.02010946,sdM8,Marocco et al. 2013,15.497,15.239,0.025,0.035,19.701,21.603,18.160,0.004,0.170,0.021,15.494,,14.795,0.007,,0.018,,,,,,,,,,,15.566,15.099,14.572,0.054,0.092,0.090,,,,,,,,,,,,,,,,,,,,,,
LSPM J2036+5100,309.0900582,51.00130424,sdM7.5,Lépine et al. 2003,14.930,14.402,0.029,0.021,16.849,19.063,15.496,0.003,0.024,0.004,,,,,,,,,,,,,,,,,13.611,13.160,12.936,0.026,0.035,0.031,19.590,18.120,16.122,15.243,14.881,0.016,0.001,0.003,0.004,0.004,,,,,,,,,,,,
2MASS J20402401+6959057,310.1004436,69.98504694,esdL0.5,Kirkpatrick et al. 2016,12.849,12.602,0.013,0.012,17.555,20.945,16.022,0.003,0.097,0.006,,,,,,,,,,,,,,,,,13.723,13.313,13.119,0.070,0.066,0.054,21.289,19.889,16.887,15.651,15.104,0.233,0.027,0.009,0.008,0.004,,,,,,,,,,,,
2MASS J21340795+7132312,323.5336202,71.54215215,usdL0.5,Kirkpatrick et al. 2016,16.314,15.938,0.030,0.049,19.866,21.516,18.419,0.005,0.183,0.022,,,,,,,,,,,,,,,,,16.169,16.247,16.665,0.100,0.265,,,,19.173,18.001,17.554,,,0.002,0.024,0.015,,,,,,,,,,,,
CWISE J221706.28−145437.6,334.27617,-14.91044,esdT0,Meisner et al. 2021,17.428,15.775,0.078,0.055,,,,,,,,,,,,,,,,,,,,,,,,,,,,,,,,,,,,,,,,,,,,,,,,,,
ULAS J223302.03+062030.8,338.258498,6.341901,esdL0.5,Zhang et al. 2018c,17.222,17.276,0.066,0.227,,,,,,,,,,,,,18.604,17.901,,17.672,17.441,0.042,0.047,,0.079,0.113,,,,,,,,,21.085,,19.462,,,0.042,,0.112,,,,,,,,,,,,
ULAS J223440.80+001002.6,338.670005,0.167395,sdL1,Zhang et al. 2018c,16.416,16.483,0.037,0.107,,,,,,,17.690,17.229,16.920,0.074,0.098,0.139,,,,,,,,,,,,,,,,,,,21.828,20.509,19.641,,,0.056,0.025,0.082,,,,,,,,,,,,
2MASS J22590210+1156035,344.758944,11.933929,sdL0,Zhang et al. 2018c,15.907,15.698,0.026,0.051,,,,,,,,,,,,,17.970,17.046,,16.633,16.206,0.023,0.017,,0.028,0.031,16.946,16.543,15.864,0.182,0.257,0.313,,,21.163,19.650,18.757,,,0.021,0.025,0.010,,,,,,,,,,,,
ULAS J230256.53+121310.2,345.735605,12.219554,sdL0,Zhang et al. 2018c,15.958,15.685,0.031,0.052,,,,,,,,,,,,,,17.491,,,16.732,,0.031,,,0.049,,,,,,,,,21.259,19.835,19.082,,,0.042,0.024,0.037,,,,,,,,,,,,
ULAS J230443.30+093423.9,346.180449,9.573329,sdL0,Zhang et al. 2018c,15.785,15.431,0.024,0.045,,,,,,,,,,,,,18.206,17.229,,16.744,16.275,0.031,0.022,,0.027,0.030,,,,,,,,,21.517,19.957,19.016,,,0.070,0.100,0.020,,,,,,,,,,,,
ULAS J230711.01+014447.1,346.795889,1.74644,usdL4.5,Zhang et al. 2018b,17.396,16.933,0.077,0.152,,,,,,,,,,,,,18.992,18.146,,18.338,18.168,0.077,0.055,,0.122,0.184,,,,,,,,,21.689,20.158,19.571,,,0.158,0.034,0.082,,,,,,,,,,,,
ULAS J231924.35+052524.5,349.851491,5.423498,esdL1,Zhang et al. 2018c,16.563,16.528,0.039,0.105,,,,,,,,,,,,,18.217,17.331,,17.081,16.931,0.030,0.023,,0.037,0.064,,,,,,,,22.274,20.775,19.509,18.893,,0.179,0.060,0.025,0.022,,,,,,,,,,,,
LSPM J2331+4607N,352.8253266,46.12521318,sdM7,Lépine et al. 2005,13.533,13.315,0.018,0.016,17.380,18.981,16.158,0.003,0.020,0.006,,,,,,,,,,,,,,,,,14.453,13.996,13.825,0.034,0.050,0.050,19.298,18.161,16.669,16.013,15.705,0.011,0.006,0.002,0.003,0.005,,,,,,,,,,,,
2MASS J23470713+0219127,356.7799271,2.320251869,sdM7,Schneider et al. 2016,12.643,12.406,0.011,0.009,,,,,,,,,,,,,14.187,13.573,,13.141,12.798,0.002,0.002,,0.002,0.002,13.614,13.125,12.821,0.021,0.030,0.025,20.073,18.788,16.487,15.478,15.014,0.027,0.007,0.003,0.005,0.004,,,,,,,,,,,,
WISE J235408.36+551854.5,358.5293715,55.31726411,sdM8,Luhman et al. 2014b,12.701,12.271,0.006,0.007,17.753,20.925,16.174,0.003,0.151,0.005,,,,,,,,,,,,,,,,,13.395,12.815,12.418,0.021,0.022,0.022,21.769,20.202,17.250,15.749,15.014,0.129,0.037,0.006,0.000,0.006,,,,,,,,,,,,